contig_114_CDS_0001,60.59000015258789
contig_114_CDS_0002,43.470001220703125
contig_114_CDS_0003,61.560001373291016
contig_114_CDS_0004,62.18000030517578
contig_114_CDS_0005,56.38999938964844
contig_114_CDS_0006,64.19999694824219
contig_114_CDS_0007,78.80999755859375
contig_114_CDS_0008,45.02000045776367
contig_114_CDS_0009,29.899999618530273
contig_114_CDS_0010,66.83999633789062
contig_114_CDS_0011,60.40999984741211
contig_114_CDS_0012,42.31999969482422
contig_114_CDS_0013,47.060001373291016
contig_114_CDS_0014,40.119998931884766
contig_114_CDS_0015,38.86000061035156
contig_114_CDS_0016,27.68000030517578
contig_114_CDS_0017,33.52000045776367
contig_114_CDS_0018,52.599998474121094
contig_114_CDS_0019,70.66999816894531
contig_114_CDS_0020,72.80999755859375
contig_114_CDS_0021,63.34000015258789
contig_114_CDS_0022,58.529998779296875
contig_114_CDS_0023,50.849998474121094
contig_114_CDS_0024,51.25
contig_114_CDS_0025,57.279998779296875
contig_114_CDS_0026,62.779998779296875
contig_114_CDS_0027,56.86000061035156
contig_114_CDS_0028,59.81999969482422
contig_114_CDS_0029,61.619998931884766
contig_114_CDS_0030,42.779998779296875
contig_114_CDS_0031,67.5999984741211
contig_114_CDS_0032,58.70000076293945
contig_1393_CDS_0001,67.58000183105469
contig_1393_CDS_0002,54.18000030517578
contig_1393_CDS_0003,68.75
contig_1393_CDS_0004,61.2400016784668
contig_1393_CDS_0005,57.7599983215332
contig_1393_CDS_0006,52.02000045776367
contig_1393_CDS_0007,47.84000015258789
contig_1393_CDS_0008,61.880001068115234
contig_1393_CDS_0009,48.68000030517578
contig_1393_CDS_0010,57.13999938964844
contig_1393_CDS_0011,66.88999938964844
contig_1393_CDS_0012,54.79999923706055
contig_1393_CDS_0013,75.79000091552734
contig_1393_CDS_0014,55.470001220703125
contig_1393_CDS_0015,48.33000183105469
contig_1393_CDS_0016,66.31999969482422
contig_1393_CDS_0017,56.380001068115234
contig_1393_CDS_0018,52.4900016784668
contig_1393_CDS_0019,48.400001525878906
contig_1393_CDS_0020,56.369998931884766
contig_1393_CDS_0021,45.56999969482422
contig_1393_CDS_0022,48.650001525878906
contig_1393_CDS_0023,74.0
contig_1393_CDS_0024,45.380001068115234
contig_1393_CDS_0025,54.709999084472656
contig_1393_CDS_0026,45.27000045776367
contig_1393_CDS_0027,32.279998779296875
contig_1393_CDS_0028,38.22999954223633
contig_1393_CDS_0029,37.849998474121094
contig_1393_CDS_0030,65.4000015258789
contig_1393_CDS_0031,59.88999938964844
contig_1393_CDS_0032,45.869998931884766
contig_1393_CDS_0033,50.56999969482422
contig_1393_CDS_0034,46.849998474121094
contig_1393_CDS_0035,37.66999816894531
contig_1393_CDS_0036,76.41999816894531
contig_1393_CDS_0037,50.68000030517578
contig_1393_CDS_0038,54.939998626708984
contig_1393_CDS_0039,69.36000061035156
contig_1393_CDS_0040,60.959999084472656
contig_1393_CDS_0041,72.05000305175781
contig_1393_CDS_0042,72.5
contig_1393_CDS_0043,42.2400016784668
contig_1393_CDS_0044,42.709999084472656
contig_1393_CDS_0045,65.30000305175781
contig_1393_CDS_0046,70.55000305175781
contig_1393_CDS_0047,68.22000122070312
contig_1393_CDS_0048,65.58999633789062
contig_1393_CDS_0049,58.689998626708984
contig_1393_CDS_0050,44.68000030517578
contig_1393_CDS_0051,58.849998474121094
contig_1393_CDS_0052,54.40999984741211
contig_1393_CDS_0053,47.939998626708984
contig_1393_CDS_0054,92.13999938964844
contig_1393_CDS_0055,61.959999084472656
contig_1393_CDS_0056,73.19000244140625
contig_1393_CDS_0057,53.5
contig_1393_CDS_0058,63.34000015258789
contig_1393_CDS_0059,74.8499984741211
contig_1393_CDS_0060,49.189998626708984
contig_1393_CDS_0061,63.220001220703125
contig_1393_CDS_0062,69.81999969482422
contig_1393_CDS_0063,67.91000366210938
contig_1393_CDS_0064,78.87999725341797
contig_1393_CDS_0065,60.16999816894531
contig_1393_CDS_0066,59.189998626708984
contig_1393_CDS_0067,61.68000030517578
contig_1393_CDS_0068,48.40999984741211
contig_1393_CDS_0069,48.47999954223633
contig_1393_CDS_0070,53.68000030517578
contig_1160_CDS_0001,42.83000183105469
contig_1160_CDS_0002,50.40999984741211
contig_1160_CDS_0003,45.22999954223633
contig_1160_CDS_0004,58.25
contig_1160_CDS_0005,44.849998474121094
contig_1160_CDS_0006,44.2599983215332
contig_1160_CDS_0007,40.18000030517578
contig_1160_CDS_0008,36.869998931884766
contig_1160_CDS_0009,58.7599983215332
contig_1160_CDS_0010,42.86000061035156
contig_1160_CDS_0011,48.9900016784668
contig_1160_CDS_0012,34.040000915527344
contig_1160_CDS_0013,59.13999938964844
contig_1160_CDS_0014,64.52999877929688
contig_1160_CDS_0015,59.79999923706055
contig_1160_CDS_0016,49.779998779296875
contig_1160_CDS_0017,53.86000061035156
contig_1160_CDS_0018,61.38999938964844
contig_1160_CDS_0019,52.08000183105469
contig_1160_CDS_0020,69.55000305175781
contig_1160_CDS_0021,57.88999938964844
contig_1160_CDS_0022,38.2400016784668
contig_1160_CDS_0023,57.81999969482422
contig_1160_CDS_0024,68.7300033569336
contig_1160_CDS_0025,67.06999969482422
contig_1160_CDS_0026,69.08000183105469
contig_1160_CDS_0027,37.400001525878906
contig_1160_CDS_0028,68.51000213623047
contig_1160_CDS_0029,60.52000045776367
contig_1160_CDS_0030,58.08000183105469
contig_1160_CDS_0031,72.86000061035156
contig_1160_CDS_0032,44.599998474121094
contig_1160_CDS_0033,77.27999877929688
contig_1160_CDS_0034,52.13999938964844
contig_1160_CDS_0035,56.11000061035156
contig_1160_CDS_0036,36.86000061035156
contig_1160_CDS_0037,56.959999084472656
contig_1160_CDS_0038,46.18000030517578
contig_1160_CDS_0039,48.9900016784668
contig_1160_CDS_0040,30.399999618530273
contig_1160_CDS_0041,79.33999633789062
contig_1160_CDS_0042,70.83999633789062
contig_1160_CDS_0043,47.4900016784668
contig_1160_CDS_0044,73.3499984741211
contig_1160_CDS_0045,52.040000915527344
contig_1160_CDS_0046,60.04999923706055
contig_1160_CDS_0047,57.0
contig_1160_CDS_0048,46.97999954223633
contig_1160_CDS_0049,60.689998626708984
contig_1160_CDS_0050,38.459999084472656
contig_1160_CDS_0051,51.689998626708984
contig_1160_CDS_0052,34.06999969482422
contig_1160_CDS_0053,28.6299991607666
contig_1160_CDS_0054,39.709999084472656
contig_1160_CDS_0055,47.939998626708984
contig_1160_CDS_0056,71.16999816894531
contig_103_CDS_0001,62.689998626708984
contig_103_CDS_0002,35.52000045776367
contig_103_CDS_0003,69.73999786376953
contig_103_CDS_0004,57.869998931884766
contig_103_CDS_0005,53.099998474121094
contig_103_CDS_0006,58.060001373291016
contig_103_CDS_0007,62.29999923706055
contig_103_CDS_0008,67.01000213623047
contig_103_CDS_0009,67.26000213623047
contig_103_CDS_0010,49.2599983215332
contig_103_CDS_0011,51.849998474121094
contig_103_CDS_0012,30.219999313354492
contig_103_CDS_0013,51.459999084472656
contig_103_CDS_0014,52.630001068115234
contig_103_CDS_0015,60.47999954223633
contig_103_CDS_0016,98.1500015258789
contig_103_CDS_0017,64.63999938964844
contig_103_CDS_0018,51.119998931884766
contig_103_CDS_0019,29.969999313354492
contig_103_CDS_0020,27.75
contig_103_CDS_0021,46.2400016784668
contig_103_CDS_0022,79.1500015258789
contig_103_CDS_0023,68.19999694824219
contig_103_CDS_0024,67.41999816894531
contig_103_CDS_0025,56.029998779296875
contig_103_CDS_0026,71.30999755859375
contig_103_CDS_0027,56.790000915527344
contig_185_CDS_0001,51.08000183105469
contig_185_CDS_0002,70.44000244140625
contig_185_CDS_0003,63.68000030517578
contig_185_CDS_0004,64.47000122070312
contig_185_CDS_0005,62.54999923706055
contig_185_CDS_0006,47.54999923706055
contig_185_CDS_0007,61.849998474121094
contig_185_CDS_0008,47.22999954223633
contig_185_CDS_0009,69.7699966430664
contig_185_CDS_0010,65.33999633789062
contig_185_CDS_0011,35.41999816894531
contig_185_CDS_0012,45.349998474121094
contig_185_CDS_0013,60.439998626708984
contig_185_CDS_0014,50.36000061035156
contig_185_CDS_0015,64.9000015258789
contig_185_CDS_0016,57.33000183105469
contig_185_CDS_0017,74.16999816894531
contig_185_CDS_0018,69.69000244140625
contig_185_CDS_0019,33.5
contig_185_CDS_0020,68.41999816894531
contig_185_CDS_0021,52.65999984741211
contig_185_CDS_0022,53.540000915527344
contig_185_CDS_0023,49.720001220703125
contig_185_CDS_0024,75.72000122070312
contig_185_CDS_0025,36.630001068115234
contig_185_CDS_0026,78.94999694824219
contig_185_CDS_0027,58.459999084472656
contig_185_CDS_0028,63.689998626708984
contig_185_CDS_0029,65.51000213623047
contig_185_CDS_0030,86.08999633789062
contig_185_CDS_0031,61.34000015258789
contig_185_CDS_0032,53.86000061035156
contig_185_CDS_0033,50.470001220703125
contig_185_CDS_0034,38.33000183105469
contig_185_CDS_0035,71.36000061035156
contig_185_CDS_0036,30.709999084472656
contig_185_CDS_0037,50.11000061035156
contig_185_CDS_0038,96.5199966430664
contig_185_CDS_0039,60.25
contig_185_CDS_0040,42.779998779296875
contig_185_CDS_0041,40.310001373291016
contig_185_CDS_0042,54.150001525878906
contig_185_CDS_0043,43.31999969482422
contig_185_CDS_0044,61.349998474121094
contig_185_CDS_0045,66.2699966430664
contig_185_CDS_0046,52.959999084472656
contig_185_CDS_0047,55.209999084472656
contig_185_CDS_0048,58.70000076293945
contig_185_CDS_0049,51.349998474121094
contig_185_CDS_0050,50.16999816894531
contig_185_CDS_0051,50.5099983215332
contig_185_CDS_0052,41.79999923706055
contig_185_CDS_0053,55.119998931884766
contig_185_CDS_0054,59.7599983215332
contig_185_CDS_0055,47.790000915527344
contig_185_CDS_0056,63.470001220703125
contig_185_CDS_0057,46.93000030517578
contig_185_CDS_0058,42.20000076293945
contig_185_CDS_0059,55.36000061035156
contig_185_CDS_0060,52.61000061035156
contig_185_CDS_0061,77.5
contig_185_CDS_0062,36.34000015258789
contig_185_CDS_0063,79.47000122070312
contig_185_CDS_0064,27.18000030517578
contig_185_CDS_0065,34.27000045776367
contig_185_CDS_0066,65.19999694824219
contig_1169_CDS_0001,36.16999816894531
contig_1169_CDS_0002,66.55999755859375
contig_1169_CDS_0003,35.650001525878906
contig_1169_CDS_0004,31.110000610351562
contig_1169_CDS_0005,60.79999923706055
contig_1169_CDS_0006,54.0099983215332
contig_1169_CDS_0007,42.029998779296875
contig_1169_CDS_0008,49.90999984741211
contig_1169_CDS_0009,58.27000045776367
contig_1169_CDS_0010,56.02000045776367
contig_1169_CDS_0011,54.720001220703125
contig_1169_CDS_0012,41.59000015258789
contig_1169_CDS_0013,80.26000213623047
contig_1169_CDS_0014,61.45000076293945
contig_1169_CDS_0015,81.77999877929688
contig_1169_CDS_0016,62.130001068115234
contig_1169_CDS_0017,57.290000915527344
contig_1169_CDS_0018,57.70000076293945
contig_1169_CDS_0019,51.209999084472656
contig_1169_CDS_0020,61.439998626708984
contig_1169_CDS_0021,75.5199966430664
contig_1169_CDS_0022,54.02000045776367
contig_1169_CDS_0023,43.630001068115234
contig_1169_CDS_0024,48.63999938964844
contig_1169_CDS_0025,64.69000244140625
contig_1169_CDS_0026,49.7599983215332
contig_1169_CDS_0027,58.84000015258789
contig_1169_CDS_0028,41.31999969482422
contig_1169_CDS_0029,59.810001373291016
contig_1169_CDS_0030,33.290000915527344
contig_1169_CDS_0031,57.290000915527344
contig_1169_CDS_0032,69.55999755859375
contig_1169_CDS_0033,66.9000015258789
contig_1169_CDS_0034,54.38999938964844
contig_1169_CDS_0035,36.47999954223633
contig_1169_CDS_0036,52.97999954223633
contig_1169_CDS_0037,63.290000915527344
contig_1169_CDS_0038,69.37000274658203
contig_1169_CDS_0039,58.52000045776367
contig_1169_CDS_0040,44.56999969482422
contig_1169_CDS_0041,43.45000076293945
contig_1169_CDS_0042,67.75
contig_1169_CDS_0043,45.09000015258789
contig_1169_CDS_0044,67.80999755859375
contig_1169_CDS_0045,68.58999633789062
contig_1169_CDS_0046,80.2699966430664
contig_1169_CDS_0047,44.66999816894531
contig_1169_CDS_0048,35.290000915527344
contig_1169_CDS_0049,45.18000030517578
contig_1169_CDS_0050,45.13999938964844
contig_1169_CDS_0051,49.220001220703125
contig_1169_CDS_0052,45.54999923706055
contig_1169_CDS_0053,37.02000045776367
contig_1169_CDS_0054,51.15999984741211
contig_1169_CDS_0055,82.30000305175781
contig_1169_CDS_0056,31.3700008392334
contig_1169_CDS_0057,55.439998626708984
contig_1169_CDS_0058,74.20999908447266
contig_1169_CDS_0059,54.470001220703125
contig_1169_CDS_0060,59.4900016784668
contig_1169_CDS_0061,60.59000015258789
contig_1169_CDS_0062,37.65999984741211
contig_1169_CDS_0063,55.86000061035156
contig_1169_CDS_0064,49.13999938964844
contig_1169_CDS_0065,55.970001220703125
contig_1169_CDS_0066,39.9900016784668
contig_1169_CDS_0067,41.38999938964844
contig_1169_CDS_0068,54.97999954223633
contig_1169_CDS_0069,58.58000183105469
contig_1169_CDS_0070,54.83000183105469
contig_1169_CDS_0071,48.25
contig_1169_CDS_0072,42.439998626708984
contig_1169_CDS_0073,86.86000061035156
contig_1169_CDS_0074,47.220001220703125
contig_200_CDS_0001,46.93000030517578
contig_200_CDS_0002,52.18000030517578
contig_200_CDS_0003,74.2699966430664
contig_200_CDS_0004,52.939998626708984
contig_200_CDS_0005,54.130001068115234
contig_200_CDS_0006,57.459999084472656
contig_200_CDS_0007,56.779998779296875
contig_200_CDS_0008,62.36000061035156
contig_200_CDS_0009,68.04000091552734
contig_200_CDS_0010,67.16000366210938
contig_200_CDS_0011,55.59000015258789
contig_200_CDS_0012,57.2400016784668
contig_200_CDS_0013,60.810001373291016
contig_200_CDS_0014,55.86000061035156
contig_200_CDS_0015,56.279998779296875
contig_200_CDS_0016,43.36000061035156
contig_200_CDS_0017,52.040000915527344
contig_200_CDS_0018,62.65999984741211
contig_200_CDS_0019,40.779998779296875
contig_200_CDS_0020,48.38999938964844
contig_200_CDS_0021,33.34000015258789
contig_200_CDS_0022,42.56999969482422
contig_200_CDS_0023,57.279998779296875
contig_200_CDS_0024,49.72999954223633
contig_200_CDS_0025,57.2400016784668
contig_200_CDS_0026,62.25
contig_200_CDS_0027,58.27000045776367
contig_200_CDS_0028,65.4000015258789
contig_200_CDS_0029,53.709999084472656
contig_200_CDS_0030,85.16999816894531
contig_200_CDS_0031,47.86000061035156
contig_200_CDS_0032,55.45000076293945
contig_200_CDS_0033,64.20999908447266
contig_200_CDS_0034,68.47000122070312
contig_200_CDS_0035,63.27000045776367
contig_200_CDS_0036,50.650001525878906
contig_200_CDS_0037,56.0099983215332
contig_200_CDS_0038,51.630001068115234
contig_200_CDS_0039,69.73999786376953
contig_200_CDS_0040,55.0
contig_200_CDS_0041,52.849998474121094
contig_200_CDS_0042,69.37000274658203
contig_200_CDS_0043,61.310001373291016
contig_200_CDS_0044,69.83000183105469
contig_200_CDS_0045,58.65999984741211
contig_200_CDS_0046,36.15999984741211
contig_200_CDS_0047,61.38999938964844
contig_200_CDS_0048,66.93000030517578
contig_200_CDS_0049,88.55000305175781
contig_200_CDS_0050,41.119998931884766
contig_200_CDS_0051,57.63999938964844
contig_200_CDS_0052,56.11000061035156
contig_200_CDS_0053,75.66000366210938
contig_200_CDS_0054,54.59000015258789
contig_200_CDS_0055,50.060001373291016
contig_200_CDS_0056,63.66999816894531
contig_200_CDS_0057,70.9800033569336
contig_200_CDS_0058,56.310001373291016
contig_200_CDS_0059,67.19000244140625
contig_200_CDS_0060,56.13999938964844
contig_200_CDS_0061,62.31999969482422
contig_200_CDS_0062,77.27999877929688
contig_200_CDS_0063,40.58000183105469
contig_200_CDS_0064,38.75
contig_200_CDS_0065,47.779998779296875
contig_200_CDS_0066,46.959999084472656
contig_200_CDS_0067,39.33000183105469
contig_200_CDS_0068,47.029998779296875
contig_200_CDS_0069,49.09000015258789
contig_200_CDS_0070,67.63999938964844
contig_200_CDS_0071,46.7599983215332
contig_200_CDS_0072,57.630001068115234
contig_200_CDS_0073,43.58000183105469
contig_200_CDS_0074,50.0
contig_200_CDS_0075,72.43000030517578
contig_200_CDS_0076,48.380001068115234
contig_200_CDS_0077,54.650001525878906
contig_200_CDS_0078,42.5099983215332
contig_200_CDS_0079,51.93000030517578
contig_200_CDS_0080,40.7400016784668
contig_200_CDS_0081,42.029998779296875
contig_200_CDS_0082,37.709999084472656
contig_200_CDS_0083,39.650001525878906
contig_200_CDS_0084,76.18000030517578
contig_200_CDS_0085,59.779998779296875
contig_200_CDS_0086,51.439998626708984
contig_200_CDS_0087,37.439998626708984
contig_200_CDS_0088,54.939998626708984
contig_200_CDS_0089,66.20999908447266
contig_200_CDS_0090,43.63999938964844
contig_200_CDS_0091,56.150001525878906
contig_200_CDS_0092,55.20000076293945
contig_200_CDS_0093,64.52999877929688
contig_200_CDS_0094,48.75
contig_200_CDS_0095,62.939998626708984
contig_200_CDS_0096,52.79999923706055
contig_200_CDS_0097,46.91999816894531
contig_200_CDS_0098,77.7699966430664
contig_200_CDS_0099,44.02000045776367
contig_200_CDS_0100,57.83000183105469
contig_200_CDS_0101,67.11000061035156
contig_200_CDS_0102,40.90999984741211
contig_200_CDS_0103,40.849998474121094
contig_200_CDS_0104,64.0999984741211
contig_200_CDS_0105,66.31999969482422
contig_200_CDS_0106,54.060001373291016
contig_200_CDS_0107,44.720001220703125
contig_200_CDS_0108,69.2699966430664
contig_200_CDS_0109,37.95000076293945
contig_200_CDS_0110,37.33000183105469
contig_200_CDS_0111,47.099998474121094
contig_200_CDS_0112,52.220001220703125
contig_200_CDS_0113,42.630001068115234
contig_200_CDS_0114,52.209999084472656
contig_200_CDS_0115,60.97999954223633
contig_200_CDS_0116,51.52000045776367
contig_200_CDS_0117,37.86000061035156
contig_200_CDS_0118,67.66000366210938
contig_200_CDS_0119,51.2400016784668
contig_200_CDS_0120,65.08000183105469
contig_200_CDS_0121,66.37999725341797
contig_200_CDS_0122,54.2599983215332
contig_200_CDS_0123,66.19999694824219
contig_200_CDS_0124,66.97000122070312
contig_200_CDS_0125,69.13999938964844
contig_200_CDS_0126,69.4800033569336
contig_200_CDS_0127,77.30000305175781
contig_200_CDS_0128,71.12999725341797
contig_200_CDS_0129,71.31999969482422
contig_200_CDS_0130,70.44000244140625
contig_200_CDS_0131,59.36000061035156
contig_200_CDS_0132,60.779998779296875
contig_200_CDS_0133,41.56999969482422
contig_200_CDS_0134,50.47999954223633
contig_200_CDS_0135,35.310001373291016
contig_200_CDS_0136,44.08000183105469
contig_200_CDS_0137,36.279998779296875
contig_200_CDS_0138,49.59000015258789
contig_200_CDS_0139,48.630001068115234
contig_200_CDS_0140,51.33000183105469
contig_200_CDS_0141,97.76000213623047
contig_200_CDS_0142,60.27000045776367
contig_200_CDS_0143,42.20000076293945
contig_200_CDS_0144,51.310001373291016
contig_200_CDS_0145,40.33000183105469
contig_200_CDS_0146,52.560001373291016
contig_200_CDS_0147,46.150001525878906
contig_200_CDS_0148,70.16000366210938
contig_200_CDS_0149,50.84000015258789
contig_200_CDS_0150,69.05999755859375
contig_200_CDS_0151,29.68000030517578
contig_200_CDS_0152,46.29999923706055
contig_200_CDS_0153,55.38999938964844
contig_200_CDS_0154,49.209999084472656
contig_200_CDS_0155,68.44999694824219
contig_200_CDS_0156,64.94999694824219
contig_200_CDS_0157,75.7699966430664
contig_200_CDS_0158,72.33999633789062
contig_200_CDS_0159,72.44000244140625
contig_200_CDS_0160,66.26000213623047
contig_200_CDS_0161,86.22000122070312
contig_200_CDS_0162,52.189998626708984
contig_200_CDS_0163,62.869998931884766
contig_200_CDS_0164,48.95000076293945
contig_200_CDS_0165,46.68000030517578
contig_200_CDS_0166,51.06999969482422
contig_200_CDS_0167,37.599998474121094
contig_200_CDS_0168,53.70000076293945
contig_200_CDS_0169,38.130001068115234
contig_200_CDS_0170,44.040000915527344
contig_200_CDS_0171,47.20000076293945
contig_200_CDS_0172,46.20000076293945
contig_200_CDS_0173,57.2599983215332
contig_200_CDS_0174,57.869998931884766
contig_200_CDS_0175,44.86000061035156
contig_200_CDS_0176,58.31999969482422
contig_200_CDS_0177,39.70000076293945
contig_200_CDS_0178,50.459999084472656
contig_200_CDS_0179,50.34000015258789
contig_200_CDS_0180,58.970001220703125
contig_200_CDS_0181,47.310001373291016
contig_200_CDS_0182,70.4800033569336
contig_200_CDS_0183,64.06999969482422
contig_200_CDS_0184,44.63999938964844
contig_200_CDS_0185,71.80999755859375
contig_200_CDS_0186,43.0099983215332
contig_200_CDS_0187,48.52000045776367
contig_200_CDS_0188,33.93000030517578
contig_200_CDS_0189,41.61000061035156
contig_200_CDS_0190,45.630001068115234
contig_200_CDS_0191,52.040000915527344
contig_200_CDS_0192,54.529998779296875
contig_200_CDS_0193,73.04000091552734
contig_200_CDS_0194,36.27000045776367
contig_200_CDS_0195,71.83999633789062
contig_200_CDS_0196,48.5
contig_200_CDS_0197,37.16999816894531
contig_200_CDS_0198,40.27000045776367
contig_200_CDS_0199,45.380001068115234
contig_200_CDS_0200,45.84000015258789
contig_200_CDS_0201,66.58999633789062
contig_200_CDS_0202,38.470001220703125
contig_200_CDS_0203,71.7699966430664
contig_200_CDS_0204,43.0
contig_200_CDS_0205,38.84000015258789
contig_200_CDS_0206,63.310001373291016
contig_200_CDS_0207,42.04999923706055
contig_200_CDS_0208,72.13999938964844
contig_200_CDS_0209,61.779998779296875
contig_200_CDS_0210,55.45000076293945
contig_200_CDS_0211,49.900001525878906
contig_200_CDS_0212,43.709999084472656
contig_200_CDS_0213,48.58000183105469
contig_200_CDS_0214,60.77000045776367
contig_200_CDS_0215,75.56999969482422
contig_200_CDS_0216,60.0
contig_200_CDS_0217,51.68000030517578
contig_200_CDS_0218,31.31999969482422
contig_200_CDS_0219,71.36000061035156
contig_200_CDS_0220,45.119998931884766
contig_200_CDS_0221,46.56999969482422
contig_200_CDS_0222,36.58000183105469
contig_200_CDS_0223,37.04999923706055
contig_200_CDS_0224,55.56999969482422
contig_200_CDS_0225,58.619998931884766
contig_200_CDS_0226,63.029998779296875
contig_200_CDS_0227,46.130001068115234
contig_200_CDS_0228,44.36000061035156
contig_200_CDS_0229,86.22000122070312
contig_200_CDS_0230,65.58999633789062
contig_200_CDS_0231,69.54000091552734
contig_200_CDS_0232,72.06999969482422
contig_200_CDS_0233,72.25
contig_200_CDS_0234,64.33000183105469
contig_200_CDS_0235,53.84000015258789
contig_200_CDS_0236,59.20000076293945
contig_92_CDS_0001,39.27000045776367
contig_92_CDS_0002,31.559999465942383
contig_92_CDS_0003,52.5
contig_92_CDS_0004,48.59000015258789
contig_92_CDS_0005,69.91000366210938
contig_92_CDS_0006,35.27000045776367
contig_92_CDS_0007,39.0099983215332
contig_92_CDS_0008,32.709999084472656
contig_92_CDS_0009,43.150001525878906
contig_92_CDS_0010,40.459999084472656
contig_92_CDS_0011,44.900001525878906
contig_92_CDS_0012,53.790000915527344
contig_92_CDS_0013,47.95000076293945
contig_92_CDS_0014,30.06999969482422
contig_92_CDS_0015,38.75
contig_92_CDS_0016,35.45000076293945
contig_92_CDS_0017,33.5099983215332
contig_92_CDS_0018,66.9000015258789
contig_92_CDS_0019,57.02000045776367
contig_92_CDS_0020,35.88999938964844
contig_92_CDS_0021,51.7400016784668
contig_92_CDS_0022,42.09000015258789
contig_92_CDS_0023,85.12999725341797
contig_92_CDS_0024,65.81999969482422
contig_92_CDS_0025,71.41999816894531
contig_92_CDS_0026,63.900001525878906
contig_92_CDS_0027,75.0999984741211
contig_92_CDS_0028,40.7599983215332
contig_92_CDS_0029,60.400001525878906
contig_92_CDS_0030,58.79999923706055
contig_92_CDS_0031,51.400001525878906
contig_92_CDS_0032,61.84000015258789
contig_92_CDS_0033,62.20000076293945
contig_92_CDS_0034,63.20000076293945
contig_92_CDS_0035,50.27000045776367
contig_92_CDS_0036,65.9800033569336
contig_92_CDS_0037,67.37999725341797
contig_92_CDS_0038,73.19000244140625
contig_92_CDS_0039,72.19999694824219
contig_92_CDS_0040,42.47999954223633
contig_92_CDS_0041,60.880001068115234
contig_92_CDS_0042,56.81999969482422
contig_92_CDS_0043,45.959999084472656
contig_92_CDS_0044,44.08000183105469
contig_92_CDS_0045,49.0099983215332
contig_92_CDS_0046,43.95000076293945
contig_92_CDS_0047,53.779998779296875
contig_92_CDS_0048,55.58000183105469
contig_92_CDS_0049,55.619998931884766
contig_92_CDS_0050,65.87999725341797
contig_92_CDS_0051,51.47999954223633
contig_92_CDS_0052,73.4000015258789
contig_92_CDS_0053,62.099998474121094
contig_92_CDS_0054,71.0999984741211
contig_92_CDS_0055,70.26000213623047
contig_92_CDS_0056,43.86000061035156
contig_92_CDS_0057,50.43000030517578
contig_92_CDS_0058,41.279998779296875
contig_92_CDS_0059,59.459999084472656
contig_92_CDS_0060,35.13999938964844
contig_92_CDS_0061,78.0
contig_92_CDS_0062,58.88999938964844
contig_92_CDS_0063,48.970001220703125
contig_92_CDS_0064,62.7400016784668
contig_92_CDS_0065,62.40999984741211
contig_92_CDS_0066,46.90999984741211
contig_92_CDS_0067,62.34000015258789
contig_92_CDS_0068,68.9000015258789
contig_92_CDS_0069,66.30000305175781
contig_92_CDS_0070,64.20999908447266
contig_92_CDS_0071,64.36000061035156
contig_92_CDS_0072,74.01000213623047
contig_92_CDS_0073,96.30000305175781
contig_92_CDS_0074,58.970001220703125
contig_92_CDS_0075,60.0
contig_92_CDS_0076,59.36000061035156
contig_92_CDS_0077,58.13999938964844
contig_92_CDS_0078,80.0199966430664
contig_92_CDS_0079,70.77999877929688
contig_92_CDS_0080,87.5
contig_92_CDS_0081,82.51000213623047
contig_92_CDS_0082,45.939998626708984
contig_92_CDS_0083,72.41999816894531
contig_92_CDS_0084,70.66999816894531
contig_92_CDS_0085,59.04999923706055
contig_92_CDS_0086,82.98999786376953
contig_92_CDS_0087,62.65999984741211
contig_92_CDS_0088,59.29999923706055
contig_92_CDS_0089,61.380001068115234
contig_92_CDS_0090,62.11000061035156
contig_92_CDS_0091,65.7300033569336
contig_92_CDS_0092,54.310001373291016
contig_92_CDS_0093,71.66999816894531
contig_92_CDS_0094,49.68000030517578
contig_92_CDS_0095,64.81999969482422
contig_92_CDS_0096,50.58000183105469
contig_92_CDS_0097,91.4800033569336
contig_92_CDS_0098,66.04000091552734
contig_92_CDS_0099,91.7699966430664
contig_92_CDS_0100,38.4900016784668
contig_92_CDS_0101,55.209999084472656
contig_92_CDS_0102,52.7599983215332
contig_92_CDS_0103,47.88999938964844
contig_1460_CDS_0001,60.029998779296875
contig_1460_CDS_0002,78.41999816894531
contig_1460_CDS_0003,60.2400016784668
contig_1460_CDS_0004,48.470001220703125
contig_1460_CDS_0005,58.810001373291016
contig_1460_CDS_0006,56.630001068115234
contig_1460_CDS_0007,59.95000076293945
contig_1460_CDS_0008,39.63999938964844
contig_1460_CDS_0009,54.27000045776367
contig_1460_CDS_0010,61.58000183105469
contig_1460_CDS_0011,40.02000045776367
contig_1460_CDS_0012,54.810001373291016
contig_1460_CDS_0013,34.27000045776367
contig_1460_CDS_0014,35.130001068115234
contig_1460_CDS_0015,50.349998474121094
contig_1460_CDS_0016,75.37999725341797
contig_1460_CDS_0017,39.099998474121094
contig_1460_CDS_0018,68.62000274658203
contig_1460_CDS_0019,55.38999938964844
contig_1460_CDS_0020,54.5099983215332
contig_1460_CDS_0021,73.33999633789062
contig_1552_CDS_0001,43.689998626708984
contig_1552_CDS_0002,57.04999923706055
contig_1552_CDS_0003,43.849998474121094
contig_1552_CDS_0004,40.11000061035156
contig_1552_CDS_0005,49.79999923706055
contig_1552_CDS_0006,44.209999084472656
contig_1552_CDS_0007,85.8499984741211
contig_1552_CDS_0008,51.369998931884766
contig_1552_CDS_0009,45.97999954223633
contig_1552_CDS_0010,60.439998626708984
contig_1552_CDS_0011,38.20000076293945
contig_1552_CDS_0012,49.900001525878906
contig_1552_CDS_0013,59.91999816894531
contig_1552_CDS_0014,45.810001373291016
contig_1552_CDS_0015,86.66999816894531
contig_1552_CDS_0016,88.33999633789062
contig_1552_CDS_0017,49.709999084472656
contig_1552_CDS_0018,43.93000030517578
contig_1552_CDS_0019,46.119998931884766
contig_1552_CDS_0020,52.5
contig_1552_CDS_0021,38.11000061035156
contig_1552_CDS_0022,53.09000015258789
contig_1552_CDS_0023,74.55000305175781
contig_1552_CDS_0024,59.209999084472656
contig_1552_CDS_0025,76.8499984741211
contig_1552_CDS_0026,43.7400016784668
contig_1552_CDS_0027,56.66999816894531
contig_1552_CDS_0028,55.310001373291016
contig_1552_CDS_0029,61.849998474121094
contig_1552_CDS_0030,65.5
contig_1552_CDS_0031,64.77999877929688
contig_1552_CDS_0032,28.56999969482422
contig_1552_CDS_0033,36.83000183105469
contig_1552_CDS_0034,38.5
contig_1552_CDS_0035,75.9800033569336
contig_1552_CDS_0036,41.33000183105469
contig_1552_CDS_0037,51.209999084472656
contig_1552_CDS_0038,58.56999969482422
contig_1552_CDS_0039,48.75
contig_1552_CDS_0040,41.56999969482422
contig_1552_CDS_0041,54.25
contig_1552_CDS_0042,50.599998474121094
contig_1552_CDS_0043,51.790000915527344
contig_1439_CDS_0001,34.13999938964844
contig_1439_CDS_0002,64.6500015258789
contig_1439_CDS_0003,50.09000015258789
contig_1439_CDS_0004,63.939998626708984
contig_1439_CDS_0005,73.02999877929688
contig_1439_CDS_0006,69.55000305175781
contig_1439_CDS_0007,53.40999984741211
contig_1439_CDS_0008,63.95000076293945
contig_1439_CDS_0009,58.5
contig_1439_CDS_0010,52.65999984741211
contig_1439_CDS_0011,52.689998626708984
contig_1439_CDS_0012,51.65999984741211
contig_1439_CDS_0013,40.31999969482422
contig_1439_CDS_0014,75.51000213623047
contig_1439_CDS_0015,91.36000061035156
contig_1439_CDS_0016,65.76000213623047
contig_1439_CDS_0017,53.790000915527344
contig_1439_CDS_0018,51.93000030517578
contig_1439_CDS_0019,73.33999633789062
contig_1439_CDS_0020,93.62000274658203
contig_1439_CDS_0021,56.93000030517578
contig_1439_CDS_0022,34.20000076293945
contig_1439_CDS_0023,60.209999084472656
contig_1439_CDS_0024,80.72000122070312
contig_1439_CDS_0025,66.69000244140625
contig_1439_CDS_0026,52.13999938964844
contig_1439_CDS_0027,73.51000213623047
contig_1439_CDS_0028,74.13999938964844
contig_1439_CDS_0029,49.97999954223633
contig_1439_CDS_0030,49.2599983215332
contig_1439_CDS_0031,52.97999954223633
contig_1439_CDS_0032,59.119998931884766
contig_1439_CDS_0033,68.44000244140625
contig_1439_CDS_0034,68.0199966430664
contig_1439_CDS_0035,67.75
contig_1439_CDS_0036,55.68000030517578
contig_1439_CDS_0037,79.3499984741211
contig_1439_CDS_0038,38.369998931884766
contig_1439_CDS_0039,33.61000061035156
contig_1439_CDS_0040,37.880001068115234
contig_1439_CDS_0041,52.04999923706055
contig_1439_CDS_0042,58.720001220703125
contig_1439_CDS_0043,61.0099983215332
contig_1439_CDS_0044,61.7400016784668
contig_1439_CDS_0045,64.37999725341797
contig_1439_CDS_0046,59.189998626708984
contig_1439_CDS_0047,64.70999908447266
contig_1439_CDS_0048,51.31999969482422
contig_1439_CDS_0049,35.58000183105469
contig_1439_CDS_0050,52.369998931884766
contig_1439_CDS_0051,71.75
contig_1439_CDS_0052,59.20000076293945
contig_1439_CDS_0053,65.16999816894531
contig_1439_CDS_0054,36.650001525878906
contig_1439_CDS_0055,64.29000091552734
contig_1439_CDS_0056,36.779998779296875
contig_1439_CDS_0057,54.849998474121094
contig_1439_CDS_0058,69.37999725341797
contig_1439_CDS_0059,54.56999969482422
contig_1439_CDS_0060,52.959999084472656
contig_1439_CDS_0061,71.7699966430664
contig_1439_CDS_0062,32.16999816894531
contig_1323_CDS_0001,34.22999954223633
contig_1323_CDS_0002,45.709999084472656
contig_1323_CDS_0003,36.209999084472656
contig_1323_CDS_0004,38.59000015258789
contig_1323_CDS_0005,39.349998474121094
contig_1323_CDS_0006,34.36000061035156
contig_1323_CDS_0007,73.2300033569336
contig_1323_CDS_0008,57.41999816894531
contig_1323_CDS_0009,58.2400016784668
contig_1323_CDS_0010,65.38999938964844
contig_1323_CDS_0011,70.19999694824219
contig_1323_CDS_0012,64.01000213623047
contig_1323_CDS_0013,60.619998931884766
contig_1323_CDS_0014,43.86000061035156
contig_1323_CDS_0015,74.77999877929688
contig_1323_CDS_0016,84.43000030517578
contig_1323_CDS_0017,40.45000076293945
contig_1323_CDS_0018,72.69999694824219
contig_1323_CDS_0019,41.099998474121094
contig_1323_CDS_0020,75.55000305175781
contig_1323_CDS_0021,70.47000122070312
contig_1323_CDS_0022,32.040000915527344
contig_1323_CDS_0023,50.84000015258789
contig_1323_CDS_0024,48.619998931884766
contig_1323_CDS_0025,75.0199966430664
contig_1323_CDS_0026,65.41000366210938
contig_1323_CDS_0027,61.22999954223633
contig_1323_CDS_0028,48.130001068115234
contig_1323_CDS_0029,76.69000244140625
contig_1323_CDS_0030,45.869998931884766
contig_1323_CDS_0031,32.18000030517578
contig_1323_CDS_0032,54.65999984741211
contig_1323_CDS_0033,29.780000686645508
contig_1323_CDS_0034,32.849998474121094
contig_1323_CDS_0035,60.599998474121094
contig_1323_CDS_0036,46.63999938964844
contig_1323_CDS_0037,48.119998931884766
contig_1323_CDS_0038,58.59000015258789
contig_1323_CDS_0039,71.6500015258789
contig_1323_CDS_0040,57.279998779296875
contig_1323_CDS_0041,53.91999816894531
contig_1323_CDS_0042,73.9000015258789
contig_1323_CDS_0043,64.02999877929688
contig_1323_CDS_0044,44.290000915527344
contig_1323_CDS_0045,42.9900016784668
contig_1323_CDS_0046,52.77000045776367
contig_1323_CDS_0047,50.65999984741211
contig_1323_CDS_0048,45.56999969482422
contig_1323_CDS_0049,46.77000045776367
contig_1323_CDS_0050,55.29999923706055
contig_1323_CDS_0051,76.6500015258789
contig_1323_CDS_0052,48.779998779296875
contig_1323_CDS_0053,55.75
contig_1323_CDS_0054,44.63999938964844
contig_1323_CDS_0055,39.08000183105469
contig_1323_CDS_0056,51.90999984741211
contig_1323_CDS_0057,77.41000366210938
contig_1323_CDS_0058,44.15999984741211
contig_1323_CDS_0059,60.75
contig_1323_CDS_0060,85.36000061035156
contig_1323_CDS_0061,73.52999877929688
contig_1323_CDS_0062,52.86000061035156
contig_1323_CDS_0063,39.599998474121094
contig_1323_CDS_0064,55.2400016784668
contig_1323_CDS_0065,65.23999786376953
contig_1323_CDS_0066,47.970001220703125
contig_1323_CDS_0067,72.44000244140625
contig_1323_CDS_0068,39.59000015258789
contig_1323_CDS_0069,41.369998931884766
contig_1323_CDS_0070,42.47999954223633
contig_1323_CDS_0071,62.599998474121094
contig_1323_CDS_0072,39.970001220703125
contig_1323_CDS_0073,52.25
contig_1323_CDS_0074,51.630001068115234
contig_1323_CDS_0075,58.63999938964844
contig_1323_CDS_0076,54.939998626708984
contig_1323_CDS_0077,59.720001220703125
contig_1323_CDS_0078,58.31999969482422
contig_1323_CDS_0079,73.8499984741211
contig_1323_CDS_0080,46.349998474121094
contig_1433_CDS_0001,48.97999954223633
contig_1433_CDS_0002,70.83999633789062
contig_1433_CDS_0003,67.66999816894531
contig_1433_CDS_0004,61.150001525878906
contig_1433_CDS_0005,68.66999816894531
contig_1433_CDS_0006,70.63999938964844
contig_1433_CDS_0007,42.25
contig_1433_CDS_0008,62.540000915527344
contig_1433_CDS_0009,57.72999954223633
contig_1433_CDS_0010,46.380001068115234
contig_1433_CDS_0011,51.70000076293945
contig_1433_CDS_0012,25.65999984741211
contig_1433_CDS_0013,44.56999969482422
contig_1433_CDS_0014,59.0
contig_1433_CDS_0015,45.04999923706055
contig_1433_CDS_0016,48.34000015258789
contig_1433_CDS_0017,58.790000915527344
contig_1433_CDS_0018,50.9900016784668
contig_1433_CDS_0019,36.709999084472656
contig_1433_CDS_0020,69.80000305175781
contig_1433_CDS_0021,52.540000915527344
contig_1433_CDS_0022,52.150001525878906
contig_1433_CDS_0023,45.15999984741211
contig_1433_CDS_0024,50.869998931884766
contig_1433_CDS_0025,54.349998474121094
contig_1433_CDS_0026,48.15999984741211
contig_1433_CDS_0027,70.23999786376953
contig_1433_CDS_0028,64.98999786376953
contig_1033_CDS_0001,74.19000244140625
contig_1033_CDS_0002,42.90999984741211
contig_1033_CDS_0003,53.33000183105469
contig_1033_CDS_0004,58.38999938964844
contig_1033_CDS_0005,65.66000366210938
contig_1033_CDS_0006,59.470001220703125
contig_1033_CDS_0007,59.540000915527344
contig_1033_CDS_0008,48.18000030517578
contig_1033_CDS_0009,66.69000244140625
contig_1033_CDS_0010,62.470001220703125
contig_1033_CDS_0011,58.06999969482422
contig_1033_CDS_0012,69.3499984741211
contig_1033_CDS_0013,63.970001220703125
contig_1033_CDS_0014,67.37000274658203
contig_1033_CDS_0015,58.66999816894531
contig_1033_CDS_0016,61.560001373291016
contig_1033_CDS_0017,65.66000366210938
contig_1033_CDS_0018,28.790000915527344
contig_1033_CDS_0019,42.4900016784668
contig_1033_CDS_0020,31.270000457763672
contig_1033_CDS_0021,43.54999923706055
contig_1033_CDS_0022,97.80000305175781
contig_1033_CDS_0023,61.65999984741211
contig_1033_CDS_0024,30.809999465942383
contig_1033_CDS_0025,43.58000183105469
contig_1033_CDS_0026,55.65999984741211
contig_1033_CDS_0027,68.80999755859375
contig_1033_CDS_0028,57.619998931884766
contig_1033_CDS_0029,66.83000183105469
contig_1033_CDS_0030,65.30000305175781
contig_1033_CDS_0031,71.51000213623047
contig_1554_CDS_0001,49.560001373291016
contig_1554_CDS_0002,65.8499984741211
contig_1554_CDS_0003,72.47000122070312
contig_1554_CDS_0004,74.08999633789062
contig_1554_CDS_0005,68.08000183105469
contig_1554_CDS_0006,89.80000305175781
contig_1554_CDS_0007,56.279998779296875
contig_1554_CDS_0008,55.959999084472656
contig_1554_CDS_0009,68.41999816894531
contig_1554_CDS_0010,62.619998931884766
contig_1554_CDS_0011,72.0199966430664
contig_1554_CDS_0012,44.900001525878906
contig_1554_CDS_0013,71.79000091552734
contig_1554_CDS_0014,53.02000045776367
contig_1554_CDS_0015,58.4900016784668
contig_1554_CDS_0016,62.34000015258789
contig_1554_CDS_0017,59.90999984741211
contig_1554_CDS_0018,75.05999755859375
contig_1554_CDS_0019,66.95999908447266
contig_1554_CDS_0020,63.310001373291016
contig_1554_CDS_0021,59.220001220703125
contig_1554_CDS_0022,54.119998931884766
contig_1554_CDS_0023,61.11000061035156
contig_1554_CDS_0024,53.84000015258789
contig_1554_CDS_0025,51.11000061035156
contig_1554_CDS_0026,60.27000045776367
contig_1554_CDS_0027,50.380001068115234
contig_1554_CDS_0028,61.849998474121094
contig_1554_CDS_0029,67.08999633789062
contig_1554_CDS_0030,44.04999923706055
contig_1554_CDS_0031,67.68000030517578
contig_1554_CDS_0032,48.88999938964844
contig_1554_CDS_0033,45.150001525878906
contig_1554_CDS_0034,66.3499984741211
contig_1554_CDS_0035,64.19999694824219
contig_1554_CDS_0036,45.630001068115234
contig_1554_CDS_0037,41.119998931884766
contig_1554_CDS_0038,45.77000045776367
contig_1554_CDS_0039,56.790000915527344
contig_1554_CDS_0040,70.66000366210938
contig_1554_CDS_0041,72.13999938964844
contig_1554_CDS_0042,57.400001525878906
contig_1554_CDS_0043,64.20999908447266
contig_1554_CDS_0044,52.9900016784668
contig_1554_CDS_0045,59.0099983215332
contig_1554_CDS_0046,47.45000076293945
contig_1554_CDS_0047,56.2599983215332
contig_1554_CDS_0048,32.20000076293945
contig_1554_CDS_0049,54.0099983215332
contig_1554_CDS_0050,50.130001068115234
contig_1554_CDS_0051,64.75
contig_1554_CDS_0052,46.70000076293945
contig_1554_CDS_0053,57.59000015258789
contig_1554_CDS_0054,50.650001525878906
contig_1554_CDS_0055,65.87999725341797
contig_1554_CDS_0056,89.36000061035156
contig_1554_CDS_0057,95.05000305175781
contig_1554_CDS_0058,64.94000244140625
contig_1554_CDS_0059,54.86000061035156
contig_1554_CDS_0060,52.02000045776367
contig_1554_CDS_0061,83.66999816894531
contig_1554_CDS_0062,50.459999084472656
contig_1554_CDS_0063,52.40999984741211
contig_1554_CDS_0064,79.55000305175781
contig_1554_CDS_0065,82.93000030517578
contig_1554_CDS_0066,60.040000915527344
contig_1547_CDS_0001,44.11000061035156
contig_1547_CDS_0002,38.43000030517578
contig_1547_CDS_0003,76.62000274658203
contig_1547_CDS_0004,66.93000030517578
contig_1547_CDS_0005,58.2400016784668
contig_1547_CDS_0006,69.56999969482422
contig_1547_CDS_0007,57.56999969482422
contig_1547_CDS_0008,60.58000183105469
contig_1547_CDS_0009,62.5
contig_1547_CDS_0010,77.8499984741211
contig_1547_CDS_0011,65.27999877929688
contig_1547_CDS_0012,78.13999938964844
contig_1547_CDS_0013,57.88999938964844
contig_1547_CDS_0014,66.48999786376953
contig_1547_CDS_0015,62.689998626708984
contig_1547_CDS_0016,68.61000061035156
contig_1547_CDS_0017,69.56999969482422
contig_1547_CDS_0018,78.22000122070312
contig_1547_CDS_0019,65.79000091552734
contig_1547_CDS_0020,50.27000045776367
contig_1547_CDS_0021,55.900001525878906
contig_1547_CDS_0022,69.58999633789062
contig_1547_CDS_0023,62.060001373291016
contig_1547_CDS_0024,54.93000030517578
contig_1547_CDS_0025,44.27000045776367
contig_1547_CDS_0026,74.72000122070312
contig_1547_CDS_0027,46.630001068115234
contig_1547_CDS_0028,44.869998931884766
contig_1547_CDS_0029,37.2599983215332
contig_1547_CDS_0030,66.08999633789062
contig_1547_CDS_0031,34.41999816894531
contig_1547_CDS_0032,56.279998779296875
contig_1547_CDS_0033,76.36000061035156
contig_1547_CDS_0034,64.38999938964844
contig_1547_CDS_0035,61.22999954223633
contig_1547_CDS_0036,60.65999984741211
contig_1547_CDS_0037,89.05000305175781
contig_1547_CDS_0038,62.41999816894531
contig_1547_CDS_0039,50.2599983215332
contig_1547_CDS_0040,37.040000915527344
contig_1547_CDS_0041,38.15999984741211
contig_1547_CDS_0042,50.11000061035156
contig_1547_CDS_0043,65.31999969482422
contig_1547_CDS_0044,52.43000030517578
contig_1547_CDS_0045,58.38999938964844
contig_1547_CDS_0046,52.83000183105469
contig_1547_CDS_0047,53.459999084472656
contig_1547_CDS_0048,42.349998474121094
contig_1547_CDS_0049,66.55000305175781
contig_1547_CDS_0050,85.2300033569336
contig_1547_CDS_0051,74.18000030517578
contig_1547_CDS_0052,54.439998626708984
contig_1547_CDS_0053,60.0
contig_1547_CDS_0054,80.1500015258789
contig_1547_CDS_0055,77.76000213623047
contig_1547_CDS_0056,39.869998931884766
contig_1547_CDS_0057,36.2400016784668
contig_1547_CDS_0058,48.70000076293945
contig_1547_CDS_0059,54.83000183105469
contig_1547_CDS_0060,43.15999984741211
contig_1547_CDS_0061,51.900001525878906
contig_1547_CDS_0062,34.61000061035156
contig_1547_CDS_0063,60.130001068115234
contig_1547_CDS_0064,50.560001373291016
contig_1547_CDS_0065,57.33000183105469
contig_1547_CDS_0066,48.599998474121094
contig_1547_CDS_0067,74.91999816894531
contig_1547_CDS_0068,69.72000122070312
contig_1547_CDS_0069,56.40999984741211
contig_1547_CDS_0070,69.69999694824219
contig_1547_CDS_0071,55.41999816894531
contig_58_CDS_0001,65.5199966430664
contig_58_CDS_0002,53.91999816894531
contig_58_CDS_0003,59.22999954223633
contig_58_CDS_0004,58.31999969482422
contig_58_CDS_0005,49.75
contig_58_CDS_0006,75.87999725341797
contig_58_CDS_0007,55.41999816894531
contig_58_CDS_0008,53.36000061035156
contig_58_CDS_0009,51.310001373291016
contig_58_CDS_0010,61.15999984741211
contig_58_CDS_0011,66.19000244140625
contig_58_CDS_0012,55.54999923706055
contig_58_CDS_0013,66.56999969482422
contig_58_CDS_0014,87.66999816894531
contig_58_CDS_0015,59.52000045776367
contig_58_CDS_0016,37.619998931884766
contig_58_CDS_0017,44.41999816894531
contig_58_CDS_0018,60.310001373291016
contig_58_CDS_0019,65.62999725341797
contig_58_CDS_0020,54.63999938964844
contig_58_CDS_0021,58.33000183105469
contig_58_CDS_0022,70.5999984741211
contig_58_CDS_0023,74.0
contig_58_CDS_0024,36.22999954223633
contig_58_CDS_0025,35.95000076293945
contig_58_CDS_0026,45.029998779296875
contig_58_CDS_0027,54.63999938964844
contig_58_CDS_0028,42.189998626708984
contig_58_CDS_0029,49.5099983215332
contig_58_CDS_0030,55.0
contig_58_CDS_0031,56.25
contig_58_CDS_0032,40.15999984741211
contig_58_CDS_0033,71.05999755859375
contig_58_CDS_0034,34.56999969482422
contig_58_CDS_0035,64.37000274658203
contig_58_CDS_0036,60.27000045776367
contig_58_CDS_0037,50.59000015258789
contig_58_CDS_0038,79.66999816894531
contig_58_CDS_0039,68.9800033569336
contig_58_CDS_0040,68.58000183105469
contig_58_CDS_0041,47.59000015258789
contig_58_CDS_0042,50.7599983215332
contig_58_CDS_0043,56.459999084472656
contig_58_CDS_0044,73.4000015258789
contig_58_CDS_0045,64.18000030517578
contig_58_CDS_0046,59.130001068115234
contig_58_CDS_0047,38.65999984741211
contig_58_CDS_0048,55.439998626708984
contig_58_CDS_0049,63.2599983215332
contig_58_CDS_0050,48.9900016784668
contig_58_CDS_0051,54.70000076293945
contig_58_CDS_0052,73.19000244140625
contig_58_CDS_0053,60.0099983215332
contig_58_CDS_0054,44.970001220703125
contig_58_CDS_0055,69.75
contig_58_CDS_0056,56.70000076293945
contig_58_CDS_0057,64.73999786376953
contig_58_CDS_0058,51.560001373291016
contig_58_CDS_0059,52.619998931884766
contig_58_CDS_0060,74.6500015258789
contig_58_CDS_0061,67.55999755859375
contig_58_CDS_0062,76.80999755859375
contig_58_CDS_0063,58.16999816894531
contig_58_CDS_0064,60.060001373291016
contig_58_CDS_0065,47.709999084472656
contig_58_CDS_0066,59.15999984741211
contig_58_CDS_0067,62.310001373291016
contig_58_CDS_0068,47.68000030517578
contig_58_CDS_0069,63.45000076293945
contig_58_CDS_0070,59.09000015258789
contig_58_CDS_0071,63.630001068115234
contig_58_CDS_0072,51.150001525878906
contig_58_CDS_0073,40.29999923706055
contig_58_CDS_0074,50.970001220703125
contig_58_CDS_0075,90.19999694824219
contig_58_CDS_0076,85.25
contig_58_CDS_0077,72.62000274658203
contig_58_CDS_0078,71.33000183105469
contig_58_CDS_0079,50.95000076293945
contig_58_CDS_0080,59.029998779296875
contig_58_CDS_0081,78.8499984741211
contig_58_CDS_0082,26.559999465942383
contig_58_CDS_0083,64.43000030517578
contig_58_CDS_0084,59.52000045776367
contig_58_CDS_0085,58.77000045776367
contig_58_CDS_0086,59.47999954223633
contig_58_CDS_0087,72.23999786376953
contig_58_CDS_0088,68.2699966430664
contig_58_CDS_0089,55.0
contig_58_CDS_0090,42.4900016784668
contig_58_CDS_0091,29.530000686645508
contig_58_CDS_0092,56.540000915527344
contig_58_CDS_0093,62.54999923706055
contig_58_CDS_0094,57.689998626708984
contig_58_CDS_0095,36.13999938964844
contig_58_CDS_0096,67.4800033569336
contig_58_CDS_0097,53.79999923706055
contig_58_CDS_0098,52.880001068115234
contig_58_CDS_0099,47.13999938964844
contig_58_CDS_0100,58.09000015258789
contig_58_CDS_0101,59.029998779296875
contig_58_CDS_0102,60.84000015258789
contig_58_CDS_0103,46.63999938964844
contig_58_CDS_0104,40.02000045776367
contig_58_CDS_0105,34.5
contig_58_CDS_0106,52.439998626708984
contig_58_CDS_0107,55.560001373291016
contig_58_CDS_0108,64.4000015258789
contig_58_CDS_0109,78.0199966430664
contig_58_CDS_0110,46.34000015258789
contig_58_CDS_0111,56.220001220703125
contig_58_CDS_0112,54.040000915527344
contig_58_CDS_0113,69.0199966430664
contig_58_CDS_0114,52.72999954223633
contig_58_CDS_0115,62.959999084472656
contig_58_CDS_0116,59.869998931884766
contig_58_CDS_0117,52.08000183105469
contig_58_CDS_0118,46.060001373291016
contig_58_CDS_0119,54.20000076293945
contig_58_CDS_0120,42.209999084472656
contig_58_CDS_0121,52.470001220703125
contig_58_CDS_0122,66.98999786376953
contig_58_CDS_0123,52.470001220703125
contig_58_CDS_0124,40.95000076293945
contig_58_CDS_0125,68.79000091552734
contig_58_CDS_0126,57.060001373291016
contig_58_CDS_0127,87.76000213623047
contig_58_CDS_0128,70.81999969482422
contig_58_CDS_0129,67.5999984741211
contig_58_CDS_0130,83.5
contig_58_CDS_0131,64.5999984741211
contig_58_CDS_0132,72.81999969482422
contig_58_CDS_0133,56.4900016784668
contig_58_CDS_0134,65.58999633789062
contig_58_CDS_0135,74.2699966430664
contig_58_CDS_0136,54.150001525878906
contig_58_CDS_0137,62.400001525878906
contig_58_CDS_0138,43.81999969482422
contig_58_CDS_0139,57.220001220703125
contig_58_CDS_0140,62.599998474121094
contig_58_CDS_0141,57.63999938964844
contig_58_CDS_0142,59.470001220703125
contig_58_CDS_0143,47.560001373291016
contig_58_CDS_0144,70.94000244140625
contig_58_CDS_0145,62.91999816894531
contig_58_CDS_0146,59.81999969482422
contig_58_CDS_0147,47.11000061035156
contig_58_CDS_0148,72.19000244140625
contig_58_CDS_0149,35.16999816894531
contig_58_CDS_0150,59.59000015258789
contig_58_CDS_0151,71.29000091552734
contig_58_CDS_0152,36.599998474121094
contig_58_CDS_0153,36.22999954223633
contig_58_CDS_0154,51.65999984741211
contig_58_CDS_0155,42.709999084472656
contig_58_CDS_0156,62.470001220703125
contig_58_CDS_0157,45.810001373291016
contig_58_CDS_0158,59.41999816894531
contig_58_CDS_0159,83.18000030517578
contig_58_CDS_0160,58.88999938964844
contig_58_CDS_0161,49.84000015258789
contig_58_CDS_0162,66.94000244140625
contig_58_CDS_0163,36.34000015258789
contig_58_CDS_0164,68.30000305175781
contig_58_CDS_0165,45.04999923706055
contig_58_CDS_0166,48.22999954223633
contig_58_CDS_0167,54.869998931884766
contig_58_CDS_0168,81.23999786376953
contig_58_CDS_0169,56.900001525878906
contig_256_CDS_0001,51.540000915527344
contig_256_CDS_0002,35.68000030517578
contig_256_CDS_0003,55.61000061035156
contig_256_CDS_0004,55.33000183105469
contig_256_CDS_0005,69.36000061035156
contig_256_CDS_0006,82.63999938964844
contig_256_CDS_0007,63.5
contig_256_CDS_0008,65.4800033569336
contig_256_CDS_0009,70.01000213623047
contig_256_CDS_0010,63.709999084472656
contig_256_CDS_0011,56.189998626708984
contig_256_CDS_0012,71.83999633789062
contig_256_CDS_0013,75.77999877929688
contig_256_CDS_0014,56.2400016784668
contig_256_CDS_0015,41.380001068115234
contig_256_CDS_0016,69.25
contig_256_CDS_0017,66.25
contig_256_CDS_0018,39.0099983215332
contig_256_CDS_0019,52.439998626708984
contig_256_CDS_0020,39.349998474121094
contig_256_CDS_0021,55.439998626708984
contig_256_CDS_0022,34.61000061035156
contig_256_CDS_0023,49.900001525878906
contig_256_CDS_0024,47.34000015258789
contig_256_CDS_0025,70.91000366210938
contig_256_CDS_0026,61.540000915527344
contig_256_CDS_0027,74.18000030517578
contig_256_CDS_0028,63.29999923706055
contig_256_CDS_0029,48.66999816894531
contig_256_CDS_0030,42.9900016784668
contig_256_CDS_0031,58.34000015258789
contig_256_CDS_0032,79.13999938964844
contig_256_CDS_0033,53.540000915527344
contig_256_CDS_0034,38.29999923706055
contig_256_CDS_0035,62.560001373291016
contig_256_CDS_0036,82.55000305175781
contig_256_CDS_0037,68.55999755859375
contig_256_CDS_0038,57.13999938964844
contig_256_CDS_0039,44.720001220703125
contig_256_CDS_0040,59.0099983215332
contig_256_CDS_0041,50.5
contig_256_CDS_0042,64.6500015258789
contig_256_CDS_0043,82.13999938964844
contig_601_CDS_0001,53.380001068115234
contig_601_CDS_0002,57.720001220703125
contig_601_CDS_0003,51.41999816894531
contig_601_CDS_0004,60.869998931884766
contig_601_CDS_0005,67.91999816894531
contig_601_CDS_0006,40.66999816894531
contig_601_CDS_0007,60.2599983215332
contig_601_CDS_0008,67.7300033569336
contig_601_CDS_0009,61.54999923706055
contig_601_CDS_0010,56.349998474121094
contig_601_CDS_0011,51.650001525878906
contig_601_CDS_0012,59.11000061035156
contig_601_CDS_0013,50.36000061035156
contig_601_CDS_0014,78.83999633789062
contig_601_CDS_0015,39.04999923706055
contig_601_CDS_0016,57.90999984741211
contig_601_CDS_0017,70.70999908447266
contig_601_CDS_0018,58.36000061035156
contig_601_CDS_0019,59.09000015258789
contig_601_CDS_0020,48.439998626708984
contig_601_CDS_0021,60.849998474121094
contig_601_CDS_0022,59.5099983215332
contig_601_CDS_0023,50.939998626708984
contig_601_CDS_0024,46.58000183105469
contig_601_CDS_0025,42.869998931884766
contig_601_CDS_0026,52.18000030517578
contig_601_CDS_0027,51.27000045776367
contig_601_CDS_0028,49.349998474121094
contig_601_CDS_0029,51.15999984741211
contig_601_CDS_0030,62.0
contig_601_CDS_0031,64.16999816894531
contig_601_CDS_0032,67.2300033569336
contig_601_CDS_0033,45.54999923706055
contig_601_CDS_0034,43.310001373291016
contig_601_CDS_0035,65.16000366210938
contig_601_CDS_0036,55.540000915527344
contig_601_CDS_0037,46.779998779296875
contig_601_CDS_0038,38.29999923706055
contig_601_CDS_0039,42.099998474121094
contig_601_CDS_0040,36.36000061035156
contig_601_CDS_0041,58.0
contig_601_CDS_0042,48.09000015258789
contig_601_CDS_0043,86.08000183105469
contig_601_CDS_0044,72.97000122070312
contig_601_CDS_0045,81.76000213623047
contig_601_CDS_0046,67.41999816894531
contig_601_CDS_0047,48.9900016784668
contig_601_CDS_0048,65.22000122070312
contig_601_CDS_0049,65.0
contig_601_CDS_0050,61.41999816894531
contig_601_CDS_0051,52.93000030517578
contig_601_CDS_0052,68.30000305175781
contig_601_CDS_0053,41.349998474121094
contig_601_CDS_0054,67.48999786376953
contig_601_CDS_0055,59.4900016784668
contig_601_CDS_0056,28.049999237060547
contig_601_CDS_0057,49.529998779296875
contig_601_CDS_0058,66.31999969482422
contig_601_CDS_0059,59.41999816894531
contig_601_CDS_0060,50.75
contig_601_CDS_0061,58.34000015258789
contig_601_CDS_0062,82.02999877929688
contig_601_CDS_0063,48.619998931884766
contig_601_CDS_0064,70.0
contig_601_CDS_0065,45.95000076293945
contig_601_CDS_0066,58.5099983215332
contig_601_CDS_0067,42.81999969482422
contig_601_CDS_0068,55.08000183105469
contig_601_CDS_0069,78.8499984741211
contig_601_CDS_0070,66.62999725341797
contig_601_CDS_0071,49.84000015258789
contig_601_CDS_0072,61.099998474121094
contig_601_CDS_0073,59.099998474121094
contig_601_CDS_0074,59.380001068115234
contig_601_CDS_0075,46.029998779296875
contig_601_CDS_0076,55.41999816894531
contig_601_CDS_0077,42.689998626708984
contig_601_CDS_0078,47.11000061035156
contig_601_CDS_0079,62.88999938964844
contig_601_CDS_0080,46.7400016784668
contig_601_CDS_0081,42.040000915527344
contig_601_CDS_0082,43.0099983215332
contig_601_CDS_0083,62.27000045776367
contig_601_CDS_0084,51.0
contig_601_CDS_0085,74.05999755859375
contig_601_CDS_0086,52.31999969482422
contig_601_CDS_0087,47.689998626708984
contig_601_CDS_0088,76.87999725341797
contig_601_CDS_0089,41.689998626708984
contig_601_CDS_0090,39.5099983215332
contig_601_CDS_0091,64.31999969482422
contig_601_CDS_0092,43.91999816894531
contig_601_CDS_0093,73.80999755859375
contig_601_CDS_0094,55.040000915527344
contig_601_CDS_0095,55.58000183105469
contig_601_CDS_0096,51.54999923706055
contig_601_CDS_0097,46.25
contig_601_CDS_0098,69.36000061035156
contig_601_CDS_0099,44.83000183105469
contig_601_CDS_0100,56.880001068115234
contig_601_CDS_0101,59.900001525878906
contig_601_CDS_0102,52.7400016784668
contig_601_CDS_0103,35.61000061035156
contig_601_CDS_0104,56.93000030517578
contig_601_CDS_0105,66.26000213623047
contig_601_CDS_0106,62.09000015258789
contig_601_CDS_0107,64.2300033569336
contig_601_CDS_0108,50.97999954223633
contig_601_CDS_0109,71.63999938964844
contig_601_CDS_0110,55.349998474121094
contig_601_CDS_0111,55.97999954223633
contig_601_CDS_0112,57.54999923706055
contig_601_CDS_0113,59.5099983215332
contig_601_CDS_0114,64.94000244140625
contig_601_CDS_0115,67.12999725341797
contig_601_CDS_0116,63.41999816894531
contig_601_CDS_0117,66.41999816894531
contig_601_CDS_0118,61.369998931884766
contig_601_CDS_0119,60.22999954223633
contig_601_CDS_0120,56.77000045776367
contig_601_CDS_0121,44.63999938964844
contig_825_CDS_0001,51.58000183105469
contig_825_CDS_0002,35.29999923706055
contig_825_CDS_0003,90.66999816894531
contig_825_CDS_0004,62.97999954223633
contig_825_CDS_0005,70.80000305175781
contig_825_CDS_0006,66.01000213623047
contig_825_CDS_0007,36.040000915527344
contig_825_CDS_0008,60.22999954223633
contig_825_CDS_0009,63.470001220703125
contig_825_CDS_0010,47.689998626708984
contig_825_CDS_0011,52.810001373291016
contig_825_CDS_0012,67.26000213623047
contig_825_CDS_0013,54.45000076293945
contig_825_CDS_0014,57.560001373291016
contig_825_CDS_0015,51.11000061035156
contig_825_CDS_0016,72.13999938964844
contig_825_CDS_0017,49.18000030517578
contig_825_CDS_0018,54.65999984741211
contig_825_CDS_0019,66.88999938964844
contig_825_CDS_0020,49.970001220703125
contig_825_CDS_0021,52.2400016784668
contig_825_CDS_0022,83.97000122070312
contig_825_CDS_0023,58.2400016784668
contig_825_CDS_0024,42.689998626708984
contig_825_CDS_0025,63.59000015258789
contig_825_CDS_0026,64.69000244140625
contig_825_CDS_0027,36.400001525878906
contig_825_CDS_0028,54.630001068115234
contig_825_CDS_0029,63.939998626708984
contig_825_CDS_0030,67.18000030517578
contig_825_CDS_0031,69.11000061035156
contig_825_CDS_0032,60.72999954223633
contig_825_CDS_0033,61.540000915527344
contig_825_CDS_0034,54.31999969482422
contig_825_CDS_0035,65.0999984741211
contig_825_CDS_0036,89.19999694824219
contig_825_CDS_0037,60.08000183105469
contig_825_CDS_0038,51.31999969482422
contig_825_CDS_0039,37.880001068115234
contig_825_CDS_0040,36.93000030517578
contig_825_CDS_0041,63.54999923706055
contig_825_CDS_0042,49.43000030517578
contig_825_CDS_0043,54.29999923706055
contig_825_CDS_0044,78.76000213623047
contig_825_CDS_0045,84.86000061035156
contig_825_CDS_0046,60.20000076293945
contig_825_CDS_0047,47.970001220703125
contig_825_CDS_0048,30.59000015258789
contig_825_CDS_0049,34.86000061035156
contig_825_CDS_0050,39.90999984741211
contig_825_CDS_0051,44.11000061035156
contig_825_CDS_0052,41.380001068115234
contig_825_CDS_0053,38.04999923706055
contig_825_CDS_0054,47.290000915527344
contig_825_CDS_0055,58.720001220703125
contig_825_CDS_0056,50.97999954223633
contig_825_CDS_0057,61.5
contig_825_CDS_0058,51.560001373291016
contig_825_CDS_0059,69.56999969482422
contig_825_CDS_0060,67.3499984741211
contig_825_CDS_0061,70.76000213623047
contig_825_CDS_0062,69.58000183105469
contig_825_CDS_0063,67.91000366210938
contig_825_CDS_0064,67.7300033569336
contig_825_CDS_0065,53.459999084472656
contig_825_CDS_0066,80.22000122070312
contig_825_CDS_0067,54.81999969482422
contig_825_CDS_0068,60.91999816894531
contig_825_CDS_0069,55.29999923706055
contig_825_CDS_0070,51.529998779296875
contig_825_CDS_0071,65.36000061035156
contig_825_CDS_0072,57.790000915527344
contig_825_CDS_0073,53.47999954223633
contig_825_CDS_0074,39.7400016784668
contig_825_CDS_0075,63.25
contig_825_CDS_0076,53.810001373291016
contig_825_CDS_0077,79.9800033569336
contig_825_CDS_0078,47.939998626708984
contig_825_CDS_0079,52.959999084472656
contig_825_CDS_0080,55.779998779296875
contig_825_CDS_0081,66.33000183105469
contig_825_CDS_0082,80.58000183105469
contig_825_CDS_0083,36.279998779296875
contig_825_CDS_0084,64.45999908447266
contig_825_CDS_0085,69.66000366210938
contig_825_CDS_0086,61.18000030517578
contig_825_CDS_0087,40.45000076293945
contig_825_CDS_0088,47.209999084472656
contig_825_CDS_0089,59.540000915527344
contig_825_CDS_0090,42.29999923706055
contig_825_CDS_0091,75.83999633789062
contig_825_CDS_0092,56.290000915527344
contig_825_CDS_0093,71.81999969482422
contig_825_CDS_0094,59.790000915527344
contig_825_CDS_0095,51.290000915527344
contig_825_CDS_0096,58.599998474121094
contig_825_CDS_0097,55.20000076293945
contig_825_CDS_0098,42.70000076293945
contig_825_CDS_0099,41.04999923706055
contig_825_CDS_0100,44.06999969482422
contig_825_CDS_0101,72.77999877929688
contig_825_CDS_0102,52.2400016784668
contig_825_CDS_0103,48.18000030517578
contig_825_CDS_0104,63.84000015258789
contig_825_CDS_0105,51.27000045776367
contig_825_CDS_0106,51.0099983215332
contig_825_CDS_0107,88.27999877929688
contig_825_CDS_0108,83.08000183105469
contig_825_CDS_0109,43.63999938964844
contig_825_CDS_0110,40.349998474121094
contig_825_CDS_0111,29.459999084472656
contig_825_CDS_0112,50.029998779296875
contig_825_CDS_0113,39.5099983215332
contig_825_CDS_0114,65.72000122070312
contig_825_CDS_0115,43.47999954223633
contig_1096_CDS_0001,69.95999908447266
contig_1096_CDS_0002,65.66000366210938
contig_1096_CDS_0003,66.51000213623047
contig_1096_CDS_0004,52.91999816894531
contig_1096_CDS_0005,62.189998626708984
contig_1096_CDS_0006,67.3499984741211
contig_1096_CDS_0007,67.61000061035156
contig_1096_CDS_0008,37.97999954223633
contig_1096_CDS_0009,52.40999984741211
contig_1096_CDS_0010,56.09000015258789
contig_1096_CDS_0011,80.51000213623047
contig_1096_CDS_0012,59.70000076293945
contig_1096_CDS_0013,59.779998779296875
contig_1096_CDS_0014,46.790000915527344
contig_1096_CDS_0015,68.05999755859375
contig_1096_CDS_0016,59.36000061035156
contig_1096_CDS_0017,59.599998474121094
contig_1096_CDS_0018,48.790000915527344
contig_1096_CDS_0019,40.0099983215332
contig_1096_CDS_0020,40.310001373291016
contig_1096_CDS_0021,80.18000030517578
contig_1096_CDS_0022,76.52999877929688
contig_1096_CDS_0023,41.619998931884766
contig_1096_CDS_0024,61.83000183105469
contig_1096_CDS_0025,65.63999938964844
contig_1096_CDS_0026,76.79000091552734
contig_1096_CDS_0027,54.38999938964844
contig_1096_CDS_0028,52.66999816894531
contig_1096_CDS_0029,50.029998779296875
contig_1096_CDS_0030,33.619998931884766
contig_1096_CDS_0031,46.06999969482422
contig_1096_CDS_0032,73.41000366210938
contig_1096_CDS_0033,67.88999938964844
contig_1096_CDS_0034,52.22999954223633
contig_1096_CDS_0035,65.94000244140625
contig_1096_CDS_0036,78.86000061035156
contig_1096_CDS_0037,50.4900016784668
contig_1096_CDS_0038,42.02000045776367
contig_1096_CDS_0039,62.060001373291016
contig_1096_CDS_0040,78.47000122070312
contig_1096_CDS_0041,48.91999816894531
contig_1096_CDS_0042,67.27999877929688
contig_1096_CDS_0043,68.93000030517578
contig_1096_CDS_0044,78.0
contig_1096_CDS_0045,57.959999084472656
contig_1096_CDS_0046,60.709999084472656
contig_1096_CDS_0047,61.79999923706055
contig_1096_CDS_0048,73.95999908447266
contig_1096_CDS_0049,63.56999969482422
contig_1096_CDS_0050,77.0
contig_1096_CDS_0051,62.939998626708984
contig_1096_CDS_0052,80.91000366210938
contig_1096_CDS_0053,64.8499984741211
contig_1096_CDS_0054,68.6500015258789
contig_1096_CDS_0055,74.79000091552734
contig_1096_CDS_0056,83.20999908447266
contig_1096_CDS_0057,63.599998474121094
contig_1096_CDS_0058,62.54999923706055
contig_1096_CDS_0059,84.22000122070312
contig_1096_CDS_0060,45.470001220703125
contig_1096_CDS_0061,40.369998931884766
contig_1096_CDS_0062,65.22000122070312
contig_1096_CDS_0063,54.599998474121094
contig_1096_CDS_0064,44.18000030517578
contig_1096_CDS_0065,43.08000183105469
contig_1096_CDS_0066,40.279998779296875
contig_1096_CDS_0067,54.97999954223633
contig_1096_CDS_0068,55.09000015258789
contig_1096_CDS_0069,44.02000045776367
contig_1096_CDS_0070,65.55999755859375
contig_1096_CDS_0071,58.86000061035156
contig_1096_CDS_0072,49.630001068115234
contig_1096_CDS_0073,81.04000091552734
contig_1096_CDS_0074,67.76000213623047
contig_1096_CDS_0075,81.4800033569336
contig_1096_CDS_0076,47.099998474121094
contig_1096_CDS_0077,52.40999984741211
contig_1096_CDS_0078,46.95000076293945
contig_1096_CDS_0079,46.40999984741211
contig_1096_CDS_0080,41.43000030517578
contig_1096_CDS_0081,54.65999984741211
contig_1096_CDS_0082,41.900001525878906
contig_1096_CDS_0083,44.47999954223633
contig_1096_CDS_0084,28.670000076293945
contig_1096_CDS_0085,79.91000366210938
contig_1096_CDS_0086,36.81999969482422
contig_1096_CDS_0087,34.439998626708984
contig_1096_CDS_0088,31.670000076293945
contig_1096_CDS_0089,33.880001068115234
contig_1096_CDS_0090,49.869998931884766
contig_1096_CDS_0091,39.93000030517578
contig_1096_CDS_0092,39.880001068115234
contig_1096_CDS_0093,56.11000061035156
contig_1096_CDS_0094,39.68000030517578
contig_1096_CDS_0095,58.939998626708984
contig_1096_CDS_0096,95.91999816894531
contig_1096_CDS_0097,68.54000091552734
contig_1096_CDS_0098,71.08999633789062
contig_1096_CDS_0099,47.439998626708984
contig_1096_CDS_0100,46.41999816894531
contig_1096_CDS_0101,58.02000045776367
contig_1096_CDS_0102,34.560001373291016
contig_1096_CDS_0103,61.06999969482422
contig_1096_CDS_0104,69.19999694824219
contig_1096_CDS_0105,74.08000183105469
contig_1096_CDS_0106,46.75
contig_1096_CDS_0107,76.38999938964844
contig_1096_CDS_0108,40.47999954223633
contig_1096_CDS_0109,50.650001525878906
contig_1096_CDS_0110,54.90999984741211
contig_1096_CDS_0111,66.41000366210938
contig_1096_CDS_0112,53.2599983215332
contig_1096_CDS_0113,56.06999969482422
contig_1096_CDS_0114,53.779998779296875
contig_1096_CDS_0115,58.540000915527344
contig_1096_CDS_0116,42.380001068115234
contig_1096_CDS_0117,32.58000183105469
contig_1096_CDS_0118,65.05000305175781
contig_1096_CDS_0119,67.0199966430664
contig_1096_CDS_0120,47.31999969482422
contig_644_CDS_0001,61.970001220703125
contig_644_CDS_0002,56.310001373291016
contig_644_CDS_0003,47.52000045776367
contig_644_CDS_0004,62.939998626708984
contig_644_CDS_0005,72.48999786376953
contig_644_CDS_0006,52.189998626708984
contig_644_CDS_0007,58.15999984741211
contig_644_CDS_0008,62.15999984741211
contig_644_CDS_0009,35.470001220703125
contig_644_CDS_0010,67.83999633789062
contig_644_CDS_0011,86.62000274658203
contig_644_CDS_0012,77.30000305175781
contig_644_CDS_0013,92.6500015258789
contig_644_CDS_0014,76.69000244140625
contig_644_CDS_0015,52.709999084472656
contig_644_CDS_0016,69.12000274658203
contig_644_CDS_0017,39.70000076293945
contig_644_CDS_0018,44.79999923706055
contig_644_CDS_0019,58.959999084472656
contig_644_CDS_0020,85.19999694824219
contig_644_CDS_0021,61.75
contig_644_CDS_0022,90.44000244140625
contig_644_CDS_0023,49.02000045776367
contig_644_CDS_0024,62.029998779296875
contig_644_CDS_0025,51.150001525878906
contig_644_CDS_0026,34.91999816894531
contig_644_CDS_0027,64.83000183105469
contig_644_CDS_0028,55.900001525878906
contig_644_CDS_0029,40.0099983215332
contig_644_CDS_0030,58.7400016784668
contig_644_CDS_0031,65.11000061035156
contig_644_CDS_0032,59.52000045776367
contig_644_CDS_0033,59.70000076293945
contig_644_CDS_0034,51.65999984741211
contig_644_CDS_0035,54.400001525878906
contig_644_CDS_0036,47.349998474121094
contig_644_CDS_0037,64.16999816894531
contig_644_CDS_0038,53.779998779296875
contig_644_CDS_0039,60.61000061035156
contig_644_CDS_0040,60.72999954223633
contig_644_CDS_0041,69.75
contig_644_CDS_0042,61.04999923706055
contig_644_CDS_0043,58.56999969482422
contig_644_CDS_0044,57.11000061035156
contig_644_CDS_0045,45.939998626708984
contig_644_CDS_0046,88.91000366210938
contig_644_CDS_0047,60.15999984741211
contig_644_CDS_0048,64.36000061035156
contig_644_CDS_0049,69.30999755859375
contig_644_CDS_0050,77.05999755859375
contig_644_CDS_0051,84.56999969482422
contig_644_CDS_0052,59.310001373291016
contig_644_CDS_0053,80.11000061035156
contig_644_CDS_0054,50.959999084472656
contig_644_CDS_0055,52.20000076293945
contig_644_CDS_0056,73.66999816894531
contig_644_CDS_0057,35.439998626708984
contig_644_CDS_0058,30.479999542236328
contig_644_CDS_0059,57.959999084472656
contig_644_CDS_0060,54.5099983215332
contig_644_CDS_0061,54.59000015258789
contig_644_CDS_0062,42.90999984741211
contig_644_CDS_0063,54.619998931884766
contig_644_CDS_0064,56.16999816894531
contig_644_CDS_0065,72.86000061035156
contig_644_CDS_0066,75.83999633789062
contig_644_CDS_0067,62.0
contig_644_CDS_0068,53.5099983215332
contig_644_CDS_0069,58.88999938964844
contig_644_CDS_0070,45.08000183105469
contig_644_CDS_0071,46.310001373291016
contig_644_CDS_0072,68.62000274658203
contig_644_CDS_0073,35.220001220703125
contig_644_CDS_0074,54.06999969482422
contig_644_CDS_0075,52.06999969482422
contig_644_CDS_0076,69.77999877929688
contig_644_CDS_0077,64.01000213623047
contig_644_CDS_0078,94.69999694824219
contig_644_CDS_0079,43.25
contig_644_CDS_0080,61.81999969482422
contig_644_CDS_0081,37.13999938964844
contig_644_CDS_0082,44.06999969482422
contig_644_CDS_0083,54.59000015258789
contig_644_CDS_0084,44.189998626708984
contig_644_CDS_0085,46.93000030517578
contig_644_CDS_0086,69.18000030517578
contig_644_CDS_0087,93.33000183105469
contig_644_CDS_0088,95.06999969482422
contig_644_CDS_0089,61.209999084472656
contig_644_CDS_0090,55.02000045776367
contig_644_CDS_0091,78.70999908447266
contig_644_CDS_0092,70.16999816894531
contig_644_CDS_0093,66.16000366210938
contig_644_CDS_0094,70.62999725341797
contig_644_CDS_0095,72.22000122070312
contig_644_CDS_0096,40.209999084472656
contig_644_CDS_0097,39.880001068115234
contig_644_CDS_0098,71.12999725341797
contig_644_CDS_0099,71.97000122070312
contig_644_CDS_0100,50.2400016784668
contig_644_CDS_0101,65.19000244140625
contig_644_CDS_0102,40.189998626708984
contig_644_CDS_0103,65.80999755859375
contig_644_CDS_0104,70.91999816894531
contig_644_CDS_0105,41.09000015258789
contig_644_CDS_0106,45.34000015258789
contig_644_CDS_0107,56.72999954223633
contig_644_CDS_0108,69.69000244140625
contig_644_CDS_0109,73.01000213623047
contig_644_CDS_0110,62.41999816894531
contig_644_CDS_0111,50.15999984741211
contig_644_CDS_0112,40.779998779296875
contig_644_CDS_0113,45.060001373291016
contig_644_CDS_0114,34.939998626708984
contig_644_CDS_0115,75.7699966430664
contig_644_CDS_0116,47.5
contig_644_CDS_0117,69.52999877929688
contig_644_CDS_0118,47.38999938964844
contig_644_CDS_0119,71.95999908447266
contig_644_CDS_0120,89.04000091552734
contig_1131_CDS_0001,58.220001220703125
contig_1131_CDS_0002,50.88999938964844
contig_1131_CDS_0003,44.470001220703125
contig_1131_CDS_0004,64.2699966430664
contig_1131_CDS_0005,42.02000045776367
contig_1131_CDS_0006,56.47999954223633
contig_1131_CDS_0007,56.619998931884766
contig_1131_CDS_0008,61.41999816894531
contig_1131_CDS_0009,60.720001220703125
contig_1131_CDS_0010,53.040000915527344
contig_1131_CDS_0011,75.3499984741211
contig_1131_CDS_0012,67.19000244140625
contig_1131_CDS_0013,44.66999816894531
contig_1131_CDS_0014,43.45000076293945
contig_1131_CDS_0015,44.869998931884766
contig_1131_CDS_0016,53.43000030517578
contig_1131_CDS_0017,42.650001525878906
contig_1131_CDS_0018,58.02000045776367
contig_1131_CDS_0019,57.22999954223633
contig_1131_CDS_0020,46.79999923706055
contig_1131_CDS_0021,48.040000915527344
contig_1131_CDS_0022,53.27000045776367
contig_1131_CDS_0023,60.130001068115234
contig_1131_CDS_0024,57.709999084472656
contig_1131_CDS_0025,66.47000122070312
contig_1131_CDS_0026,70.18000030517578
contig_1131_CDS_0027,57.720001220703125
contig_1131_CDS_0028,92.31999969482422
contig_1131_CDS_0029,75.66000366210938
contig_1131_CDS_0030,55.61000061035156
contig_1131_CDS_0031,47.38999938964844
contig_1131_CDS_0032,69.51000213623047
contig_1131_CDS_0033,66.6500015258789
contig_1131_CDS_0034,71.16999816894531
contig_1131_CDS_0035,54.369998931884766
contig_1131_CDS_0036,75.16000366210938
contig_1131_CDS_0037,70.18000030517578
contig_1131_CDS_0038,57.529998779296875
contig_1131_CDS_0039,56.84000015258789
contig_1131_CDS_0040,49.90999984741211
contig_1131_CDS_0041,64.9800033569336
contig_1131_CDS_0042,47.02000045776367
contig_1131_CDS_0043,67.30999755859375
contig_1131_CDS_0044,64.66000366210938
contig_1131_CDS_0045,61.650001525878906
contig_1131_CDS_0046,77.80999755859375
contig_1131_CDS_0047,58.380001068115234
contig_1131_CDS_0048,47.540000915527344
contig_1131_CDS_0049,82.08000183105469
contig_1131_CDS_0050,74.55999755859375
contig_1131_CDS_0051,76.5
contig_1131_CDS_0052,66.66000366210938
contig_1131_CDS_0053,61.83000183105469
contig_1131_CDS_0054,49.75
contig_1131_CDS_0055,66.38999938964844
contig_1131_CDS_0056,50.36000061035156
contig_1131_CDS_0057,56.91999816894531
contig_1131_CDS_0058,63.45000076293945
contig_1131_CDS_0059,52.459999084472656
contig_1131_CDS_0060,74.76000213623047
contig_1131_CDS_0061,66.83999633789062
contig_1131_CDS_0062,84.19000244140625
contig_1131_CDS_0063,91.70999908447266
contig_1131_CDS_0064,34.689998626708984
contig_1131_CDS_0065,67.05999755859375
contig_1131_CDS_0066,53.54999923706055
contig_1131_CDS_0067,73.62999725341797
contig_1131_CDS_0068,53.599998474121094
contig_1131_CDS_0069,51.400001525878906
contig_1131_CDS_0070,43.060001373291016
contig_1131_CDS_0071,51.09000015258789
contig_1131_CDS_0072,41.61000061035156
contig_1131_CDS_0073,37.380001068115234
contig_1131_CDS_0074,47.83000183105469
contig_1131_CDS_0075,58.68000030517578
contig_1131_CDS_0076,34.099998474121094
contig_1131_CDS_0077,44.77000045776367
contig_1131_CDS_0078,68.69000244140625
contig_1131_CDS_0079,62.45000076293945
contig_1131_CDS_0080,85.66999816894531
contig_1131_CDS_0081,67.19000244140625
contig_1131_CDS_0082,54.61000061035156
contig_1131_CDS_0083,58.560001373291016
contig_1131_CDS_0084,47.599998474121094
contig_1131_CDS_0085,43.45000076293945
contig_1131_CDS_0086,60.38999938964844
contig_1131_CDS_0087,49.380001068115234
contig_1131_CDS_0088,52.349998474121094
contig_1131_CDS_0089,39.27000045776367
contig_1131_CDS_0090,47.779998779296875
contig_1131_CDS_0091,48.20000076293945
contig_1131_CDS_0092,57.54999923706055
contig_1131_CDS_0093,32.4900016784668
contig_1131_CDS_0094,52.27000045776367
contig_1131_CDS_0095,81.93000030517578
contig_1131_CDS_0096,33.150001525878906
contig_1131_CDS_0097,74.6500015258789
contig_1131_CDS_0098,66.0
contig_1131_CDS_0099,66.52999877929688
contig_1131_CDS_0100,64.87999725341797
contig_1131_CDS_0101,62.540000915527344
contig_1131_CDS_0102,75.25
contig_1131_CDS_0103,72.44999694824219
contig_1131_CDS_0104,72.13999938964844
contig_1298_CDS_0001,65.05000305175781
contig_1298_CDS_0002,70.56999969482422
contig_1298_CDS_0003,68.62000274658203
contig_1298_CDS_0004,59.29999923706055
contig_1298_CDS_0005,67.62000274658203
contig_1298_CDS_0006,46.45000076293945
contig_1298_CDS_0007,58.119998931884766
contig_1298_CDS_0008,68.87000274658203
contig_1298_CDS_0009,67.05999755859375
contig_1298_CDS_0010,45.58000183105469
contig_1298_CDS_0011,70.68000030517578
contig_1298_CDS_0012,69.62000274658203
contig_1298_CDS_0013,61.310001373291016
contig_1298_CDS_0014,42.40999984741211
contig_1298_CDS_0015,57.849998474121094
contig_1298_CDS_0016,56.380001068115234
contig_1298_CDS_0017,44.47999954223633
contig_1298_CDS_0018,49.36000061035156
contig_1298_CDS_0019,65.19000244140625
contig_1298_CDS_0020,68.68000030517578
contig_1298_CDS_0021,72.48999786376953
contig_1298_CDS_0022,76.52999877929688
contig_1298_CDS_0023,54.88999938964844
contig_1298_CDS_0024,54.70000076293945
contig_1298_CDS_0025,73.95999908447266
contig_1298_CDS_0026,50.060001373291016
contig_1298_CDS_0027,50.95000076293945
contig_1298_CDS_0028,48.52000045776367
contig_1298_CDS_0029,49.81999969482422
contig_1298_CDS_0030,58.4900016784668
contig_1298_CDS_0031,62.060001373291016
contig_1298_CDS_0032,48.720001220703125
contig_1298_CDS_0033,37.189998626708984
contig_1298_CDS_0034,54.61000061035156
contig_1298_CDS_0035,36.27000045776367
contig_1298_CDS_0036,95.1500015258789
contig_1298_CDS_0037,55.540000915527344
contig_1298_CDS_0038,75.62999725341797
contig_1298_CDS_0039,68.45999908447266
contig_1298_CDS_0040,56.720001220703125
contig_1298_CDS_0041,64.6500015258789
contig_1298_CDS_0042,64.55000305175781
contig_1298_CDS_0043,73.23999786376953
contig_1298_CDS_0044,79.31999969482422
contig_1298_CDS_0045,38.619998931884766
contig_1298_CDS_0046,61.790000915527344
contig_1298_CDS_0047,47.36000061035156
contig_1298_CDS_0048,57.54999923706055
contig_1298_CDS_0049,78.73999786376953
contig_1298_CDS_0050,45.349998474121094
contig_1298_CDS_0051,70.2699966430664
contig_1298_CDS_0052,63.81999969482422
contig_1298_CDS_0053,59.25
contig_1298_CDS_0054,67.05999755859375
contig_1298_CDS_0055,44.400001525878906
contig_1298_CDS_0056,34.349998474121094
contig_1298_CDS_0057,52.040000915527344
contig_1298_CDS_0058,60.61000061035156
contig_1298_CDS_0059,70.33999633789062
contig_1298_CDS_0060,54.72999954223633
contig_1298_CDS_0061,64.58000183105469
contig_1298_CDS_0062,63.66999816894531
contig_1298_CDS_0063,56.20000076293945
contig_1298_CDS_0064,75.18000030517578
contig_1298_CDS_0065,67.31999969482422
contig_1298_CDS_0066,84.8499984741211
contig_1298_CDS_0067,57.63999938964844
contig_1298_CDS_0068,69.48999786376953
contig_1298_CDS_0069,72.86000061035156
contig_1298_CDS_0070,52.58000183105469
contig_1298_CDS_0071,77.3499984741211
contig_1298_CDS_0072,64.25
contig_1298_CDS_0073,39.689998626708984
contig_1298_CDS_0074,68.33999633789062
contig_1298_CDS_0075,42.33000183105469
contig_1298_CDS_0076,66.52999877929688
contig_1298_CDS_0077,83.76000213623047
contig_1298_CDS_0078,64.81999969482422
contig_669_CDS_0001,76.66000366210938
contig_669_CDS_0002,40.790000915527344
contig_669_CDS_0003,38.43000030517578
contig_669_CDS_0004,45.029998779296875
contig_669_CDS_0005,81.66999816894531
contig_669_CDS_0006,79.5
contig_669_CDS_0007,48.619998931884766
contig_669_CDS_0008,71.68000030517578
contig_669_CDS_0009,53.849998474121094
contig_669_CDS_0010,77.73999786376953
contig_669_CDS_0011,41.150001525878906
contig_669_CDS_0012,59.75
contig_669_CDS_0013,60.2400016784668
contig_669_CDS_0014,61.47999954223633
contig_669_CDS_0015,68.62999725341797
contig_669_CDS_0016,61.88999938964844
contig_669_CDS_0017,63.689998626708984
contig_669_CDS_0018,47.209999084472656
contig_669_CDS_0019,87.27999877929688
contig_669_CDS_0020,32.18000030517578
contig_669_CDS_0021,75.5199966430664
contig_669_CDS_0022,64.22000122070312
contig_669_CDS_0023,68.66000366210938
contig_669_CDS_0024,56.90999984741211
contig_669_CDS_0025,62.27000045776367
contig_669_CDS_0026,57.310001373291016
contig_669_CDS_0027,61.97999954223633
contig_669_CDS_0028,49.90999984741211
contig_669_CDS_0029,65.8499984741211
contig_669_CDS_0030,44.04999923706055
contig_669_CDS_0031,55.90999984741211
contig_669_CDS_0032,42.5
contig_669_CDS_0033,45.220001220703125
contig_669_CDS_0034,52.560001373291016
contig_669_CDS_0035,51.20000076293945
contig_669_CDS_0036,59.95000076293945
contig_669_CDS_0037,56.16999816894531
contig_669_CDS_0038,34.099998474121094
contig_669_CDS_0039,52.40999984741211
contig_669_CDS_0040,55.77000045776367
contig_669_CDS_0041,60.349998474121094
contig_1545_CDS_0001,65.44000244140625
contig_1545_CDS_0002,56.95000076293945
contig_1545_CDS_0003,37.900001525878906
contig_1545_CDS_0004,70.72000122070312
contig_1545_CDS_0005,62.43000030517578
contig_1545_CDS_0006,66.55999755859375
contig_1545_CDS_0007,68.31999969482422
contig_1545_CDS_0008,48.0
contig_1545_CDS_0009,61.13999938964844
contig_1545_CDS_0010,44.95000076293945
contig_1545_CDS_0011,74.04000091552734
contig_1545_CDS_0012,82.37999725341797
contig_1545_CDS_0013,72.08999633789062
contig_1545_CDS_0014,73.36000061035156
contig_1545_CDS_0015,51.380001068115234
contig_1545_CDS_0016,75.66000366210938
contig_1545_CDS_0017,49.540000915527344
contig_1545_CDS_0018,70.7300033569336
contig_1545_CDS_0019,76.83000183105469
contig_1545_CDS_0020,50.31999969482422
contig_1545_CDS_0021,60.279998779296875
contig_1545_CDS_0022,63.31999969482422
contig_1545_CDS_0023,50.959999084472656
contig_1545_CDS_0024,33.63999938964844
contig_1545_CDS_0025,75.52999877929688
contig_1545_CDS_0026,51.119998931884766
contig_1545_CDS_0027,39.470001220703125
contig_1545_CDS_0028,41.29999923706055
contig_1545_CDS_0029,33.630001068115234
contig_1545_CDS_0030,50.84000015258789
contig_1545_CDS_0031,67.62000274658203
contig_1545_CDS_0032,40.95000076293945
contig_1545_CDS_0033,49.630001068115234
contig_1545_CDS_0034,35.779998779296875
contig_1545_CDS_0035,50.290000915527344
contig_1545_CDS_0036,55.380001068115234
contig_1545_CDS_0037,36.5099983215332
contig_1545_CDS_0038,72.0199966430664
contig_1545_CDS_0039,37.65999984741211
contig_1545_CDS_0040,62.02000045776367
contig_1545_CDS_0041,48.380001068115234
contig_1545_CDS_0042,46.650001525878906
contig_1545_CDS_0043,68.29000091552734
contig_1545_CDS_0044,59.52000045776367
contig_1545_CDS_0045,55.88999938964844
contig_1545_CDS_0046,90.33000183105469
contig_1545_CDS_0047,42.81999969482422
contig_1545_CDS_0048,75.05999755859375
contig_1545_CDS_0049,35.380001068115234
contig_1545_CDS_0050,65.69000244140625
contig_1545_CDS_0051,52.18000030517578
contig_1545_CDS_0052,36.599998474121094
contig_1545_CDS_0053,43.130001068115234
contig_1545_CDS_0054,61.529998779296875
contig_1545_CDS_0055,51.83000183105469
contig_1545_CDS_0056,59.59000015258789
contig_1545_CDS_0057,61.459999084472656
contig_1545_CDS_0058,80.41999816894531
contig_1545_CDS_0059,70.87000274658203
contig_1545_CDS_0060,71.23999786376953
contig_1545_CDS_0061,58.04999923706055
contig_1545_CDS_0062,64.83000183105469
contig_1545_CDS_0063,62.400001525878906
contig_1545_CDS_0064,61.2400016784668
contig_1545_CDS_0065,70.37000274658203
contig_1545_CDS_0066,63.939998626708984
contig_1545_CDS_0067,51.79999923706055
contig_1545_CDS_0068,92.52999877929688
contig_1545_CDS_0069,64.3499984741211
contig_1545_CDS_0070,47.0099983215332
contig_1545_CDS_0071,40.529998779296875
contig_1545_CDS_0072,43.220001220703125
contig_1545_CDS_0073,63.529998779296875
contig_1545_CDS_0074,37.0099983215332
contig_1545_CDS_0075,44.20000076293945
contig_815_CDS_0001,54.56999969482422
contig_815_CDS_0002,63.72999954223633
contig_815_CDS_0003,35.81999969482422
contig_815_CDS_0004,68.44999694824219
contig_815_CDS_0005,77.25
contig_815_CDS_0006,63.41999816894531
contig_815_CDS_0007,72.25
contig_815_CDS_0008,39.150001525878906
contig_815_CDS_0009,55.79999923706055
contig_815_CDS_0010,51.290000915527344
contig_815_CDS_0011,53.86000061035156
contig_815_CDS_0012,43.7599983215332
contig_815_CDS_0013,64.87000274658203
contig_815_CDS_0014,68.9800033569336
contig_815_CDS_0015,42.20000076293945
contig_815_CDS_0016,85.18000030517578
contig_815_CDS_0017,65.7300033569336
contig_815_CDS_0018,45.84000015258789
contig_815_CDS_0019,44.47999954223633
contig_815_CDS_0020,62.66999816894531
contig_815_CDS_0021,46.83000183105469
contig_815_CDS_0022,51.08000183105469
contig_815_CDS_0023,70.19999694824219
contig_815_CDS_0024,37.02000045776367
contig_815_CDS_0025,57.0099983215332
contig_815_CDS_0026,52.779998779296875
contig_815_CDS_0027,49.68000030517578
contig_815_CDS_0028,69.20999908447266
contig_815_CDS_0029,64.23999786376953
contig_815_CDS_0030,67.19000244140625
contig_815_CDS_0031,66.4000015258789
contig_815_CDS_0032,35.88999938964844
contig_815_CDS_0033,73.3499984741211
contig_815_CDS_0034,67.55000305175781
contig_815_CDS_0035,42.83000183105469
contig_815_CDS_0036,53.40999984741211
contig_815_CDS_0037,47.33000183105469
contig_815_CDS_0038,46.79999923706055
contig_815_CDS_0039,60.83000183105469
contig_815_CDS_0040,51.619998931884766
contig_815_CDS_0041,60.0
contig_815_CDS_0042,55.15999984741211
contig_815_CDS_0043,60.22999954223633
contig_815_CDS_0044,46.41999816894531
contig_815_CDS_0045,68.87999725341797
contig_815_CDS_0046,77.62999725341797
contig_815_CDS_0047,67.30999755859375
contig_815_CDS_0048,63.369998931884766
contig_815_CDS_0049,66.55000305175781
contig_815_CDS_0050,54.619998931884766
contig_815_CDS_0051,68.73999786376953
contig_815_CDS_0052,71.4000015258789
contig_815_CDS_0053,60.59000015258789
contig_815_CDS_0054,69.7300033569336
contig_815_CDS_0055,59.61000061035156
contig_815_CDS_0056,81.0
contig_815_CDS_0057,51.810001373291016
contig_815_CDS_0058,58.0099983215332
contig_815_CDS_0059,64.44999694824219
contig_815_CDS_0060,51.66999816894531
contig_815_CDS_0061,57.189998626708984
contig_815_CDS_0062,55.77000045776367
contig_815_CDS_0063,45.900001525878906
contig_815_CDS_0064,33.77000045776367
contig_815_CDS_0065,61.5099983215332
contig_815_CDS_0066,44.86000061035156
contig_815_CDS_0067,37.34000015258789
contig_815_CDS_0068,42.9900016784668
contig_815_CDS_0069,44.72999954223633
contig_815_CDS_0070,28.06999969482422
contig_815_CDS_0071,67.33999633789062
contig_815_CDS_0072,35.790000915527344
contig_815_CDS_0073,29.6299991607666
contig_815_CDS_0074,46.72999954223633
contig_815_CDS_0075,49.47999954223633
contig_815_CDS_0076,62.45000076293945
contig_815_CDS_0077,42.849998474121094
contig_815_CDS_0078,63.220001220703125
contig_815_CDS_0079,68.52999877929688
contig_815_CDS_0080,66.91999816894531
contig_815_CDS_0081,47.41999816894531
contig_815_CDS_0082,55.7400016784668
contig_815_CDS_0083,55.38999938964844
contig_815_CDS_0084,49.61000061035156
contig_815_CDS_0085,51.40999984741211
contig_815_CDS_0086,46.58000183105469
contig_815_CDS_0087,44.77000045776367
contig_815_CDS_0088,43.93000030517578
contig_815_CDS_0089,49.16999816894531
contig_815_CDS_0090,74.27999877929688
contig_815_CDS_0091,61.15999984741211
contig_815_CDS_0092,27.899999618530273
contig_815_CDS_0093,53.209999084472656
contig_815_CDS_0094,57.2599983215332
contig_815_CDS_0095,69.37000274658203
contig_815_CDS_0096,35.77000045776367
contig_815_CDS_0097,34.779998779296875
contig_815_CDS_0098,64.9800033569336
contig_815_CDS_0099,77.08000183105469
contig_815_CDS_0100,54.970001220703125
contig_815_CDS_0101,66.06999969482422
contig_815_CDS_0102,53.540000915527344
contig_815_CDS_0103,39.45000076293945
contig_815_CDS_0104,81.11000061035156
contig_815_CDS_0105,51.97999954223633
contig_815_CDS_0106,38.13999938964844
contig_815_CDS_0107,48.22999954223633
contig_815_CDS_0108,37.810001373291016
contig_1062_CDS_0001,54.27000045776367
contig_1062_CDS_0002,73.9800033569336
contig_1062_CDS_0003,69.79000091552734
contig_1062_CDS_0004,51.70000076293945
contig_1062_CDS_0005,62.279998779296875
contig_1062_CDS_0006,78.01000213623047
contig_1062_CDS_0007,65.48999786376953
contig_1062_CDS_0008,84.97000122070312
contig_1062_CDS_0009,42.130001068115234
contig_1062_CDS_0010,70.25
contig_1062_CDS_0011,65.08000183105469
contig_1062_CDS_0012,56.209999084472656
contig_1062_CDS_0013,60.900001525878906
contig_1062_CDS_0014,57.86000061035156
contig_1062_CDS_0015,48.0
contig_1062_CDS_0016,40.90999984741211
contig_1062_CDS_0017,45.400001525878906
contig_1062_CDS_0018,51.529998779296875
contig_1062_CDS_0019,71.70999908447266
contig_1062_CDS_0020,67.61000061035156
contig_1062_CDS_0021,57.09000015258789
contig_1062_CDS_0022,72.55999755859375
contig_1062_CDS_0023,46.310001373291016
contig_1062_CDS_0024,63.220001220703125
contig_1062_CDS_0025,58.900001525878906
contig_1062_CDS_0026,53.560001373291016
contig_1062_CDS_0027,51.220001220703125
contig_1062_CDS_0028,62.119998931884766
contig_1062_CDS_0029,62.2400016784668
contig_1062_CDS_0030,53.5
contig_1062_CDS_0031,59.790000915527344
contig_1062_CDS_0032,88.52999877929688
contig_1062_CDS_0033,42.11000061035156
contig_1062_CDS_0034,47.540000915527344
contig_1062_CDS_0035,57.90999984741211
contig_1062_CDS_0036,61.959999084472656
contig_1062_CDS_0037,67.55999755859375
contig_1062_CDS_0038,38.470001220703125
contig_1062_CDS_0039,50.529998779296875
contig_1062_CDS_0040,31.200000762939453
contig_1062_CDS_0041,41.25
contig_1062_CDS_0042,32.11000061035156
contig_1062_CDS_0043,46.400001525878906
contig_1062_CDS_0044,45.790000915527344
contig_1062_CDS_0045,53.2599983215332
contig_1062_CDS_0046,56.470001220703125
contig_1062_CDS_0047,62.20000076293945
contig_1062_CDS_0048,34.220001220703125
contig_1062_CDS_0049,43.959999084472656
contig_1062_CDS_0050,70.94999694824219
contig_1062_CDS_0051,92.44999694824219
contig_1062_CDS_0052,66.87000274658203
contig_1062_CDS_0053,33.959999084472656
contig_1062_CDS_0054,68.52999877929688
contig_1062_CDS_0055,50.63999938964844
contig_1062_CDS_0056,59.349998474121094
contig_1062_CDS_0057,35.68000030517578
contig_1062_CDS_0058,37.650001525878906
contig_1062_CDS_0059,65.91000366210938
contig_1062_CDS_0060,58.70000076293945
contig_1062_CDS_0061,74.30000305175781
contig_1062_CDS_0062,56.880001068115234
contig_1062_CDS_0063,61.88999938964844
contig_1062_CDS_0064,48.720001220703125
contig_1062_CDS_0065,59.02000045776367
contig_1062_CDS_0066,49.09000015258789
contig_1062_CDS_0067,47.68000030517578
contig_1062_CDS_0068,58.43000030517578
contig_1062_CDS_0069,70.86000061035156
contig_1062_CDS_0070,62.9900016784668
contig_1062_CDS_0071,77.52999877929688
contig_1062_CDS_0072,73.68000030517578
contig_1062_CDS_0073,59.02000045776367
contig_1062_CDS_0074,62.029998779296875
contig_1062_CDS_0075,84.25
contig_1062_CDS_0076,61.970001220703125
contig_1062_CDS_0077,60.40999984741211
contig_1062_CDS_0078,64.05000305175781
contig_1062_CDS_0079,61.150001525878906
contig_1062_CDS_0080,59.900001525878906
contig_1062_CDS_0081,38.40999984741211
contig_1062_CDS_0082,67.06999969482422
contig_1062_CDS_0083,50.45000076293945
contig_1062_CDS_0084,59.09000015258789
contig_1062_CDS_0085,75.75
contig_1062_CDS_0086,45.04999923706055
contig_1062_CDS_0087,36.5099983215332
contig_1062_CDS_0088,55.189998626708984
contig_1170_CDS_0001,77.0999984741211
contig_1170_CDS_0002,55.79999923706055
contig_1170_CDS_0003,50.41999816894531
contig_1170_CDS_0004,81.12999725341797
contig_1170_CDS_0005,60.709999084472656
contig_1170_CDS_0006,66.70999908447266
contig_1170_CDS_0007,46.060001373291016
contig_1170_CDS_0008,53.09000015258789
contig_1170_CDS_0009,37.20000076293945
contig_1170_CDS_0010,29.799999237060547
contig_1170_CDS_0011,43.08000183105469
contig_1170_CDS_0012,35.9900016784668
contig_1170_CDS_0013,62.33000183105469
contig_1170_CDS_0014,61.790000915527344
contig_1170_CDS_0015,77.45999908447266
contig_1170_CDS_0016,57.279998779296875
contig_1170_CDS_0017,74.98999786376953
contig_1170_CDS_0018,49.560001373291016
contig_1170_CDS_0019,46.84000015258789
contig_1170_CDS_0020,61.2599983215332
contig_1170_CDS_0021,54.369998931884766
contig_1170_CDS_0022,68.69000244140625
contig_1170_CDS_0023,49.869998931884766
contig_1170_CDS_0024,73.86000061035156
contig_1170_CDS_0025,61.540000915527344
contig_1170_CDS_0026,65.56999969482422
contig_1170_CDS_0027,54.0
contig_1170_CDS_0028,66.36000061035156
contig_1170_CDS_0029,66.76000213623047
contig_1170_CDS_0030,63.4900016784668
contig_1170_CDS_0031,47.619998931884766
contig_1170_CDS_0032,58.189998626708984
contig_1170_CDS_0033,64.06999969482422
contig_1170_CDS_0034,39.779998779296875
contig_1170_CDS_0035,76.4800033569336
contig_1170_CDS_0036,65.79000091552734
contig_1170_CDS_0037,72.44999694824219
contig_1170_CDS_0038,40.2599983215332
contig_1170_CDS_0039,62.380001068115234
contig_1170_CDS_0040,51.709999084472656
contig_1170_CDS_0041,65.44000244140625
contig_1170_CDS_0042,67.98999786376953
contig_1170_CDS_0043,56.15999984741211
contig_1170_CDS_0044,54.43000030517578
contig_1170_CDS_0045,37.38999938964844
contig_1170_CDS_0046,63.220001220703125
contig_1170_CDS_0047,54.66999816894531
contig_1170_CDS_0048,39.29999923706055
contig_1170_CDS_0049,68.55000305175781
contig_1170_CDS_0050,75.87999725341797
contig_1170_CDS_0051,73.05000305175781
contig_1170_CDS_0052,80.80000305175781
contig_1170_CDS_0053,58.529998779296875
contig_1170_CDS_0054,39.400001525878906
contig_1170_CDS_0055,57.790000915527344
contig_1170_CDS_0056,62.540000915527344
contig_1170_CDS_0057,61.099998474121094
contig_1170_CDS_0058,60.599998474121094
contig_1170_CDS_0059,46.20000076293945
contig_1170_CDS_0060,44.849998474121094
contig_1170_CDS_0061,66.79000091552734
contig_1170_CDS_0062,66.4000015258789
contig_1170_CDS_0063,58.029998779296875
contig_1170_CDS_0064,57.09000015258789
contig_1170_CDS_0065,62.77000045776367
contig_1170_CDS_0066,53.88999938964844
contig_1170_CDS_0067,36.84000015258789
contig_1170_CDS_0068,29.209999084472656
contig_1170_CDS_0069,33.900001525878906
contig_1170_CDS_0070,42.150001525878906
contig_1170_CDS_0071,32.72999954223633
contig_1170_CDS_0072,63.470001220703125
contig_1170_CDS_0073,61.81999969482422
contig_1170_CDS_0074,75.45999908447266
contig_1170_CDS_0075,54.849998474121094
contig_1170_CDS_0076,81.33999633789062
contig_267_CDS_0001,39.77000045776367
contig_267_CDS_0002,34.439998626708984
contig_267_CDS_0003,58.59000015258789
contig_267_CDS_0004,68.86000061035156
contig_267_CDS_0005,51.15999984741211
contig_267_CDS_0006,61.970001220703125
contig_267_CDS_0007,51.27000045776367
contig_267_CDS_0008,67.93000030517578
contig_267_CDS_0009,34.970001220703125
contig_267_CDS_0010,72.06999969482422
contig_267_CDS_0011,67.47000122070312
contig_267_CDS_0012,77.5199966430664
contig_267_CDS_0013,68.91000366210938
contig_267_CDS_0014,97.33999633789062
contig_267_CDS_0015,79.16999816894531
contig_267_CDS_0016,62.099998474121094
contig_267_CDS_0017,54.939998626708984
contig_267_CDS_0018,62.7400016784668
contig_267_CDS_0019,48.790000915527344
contig_267_CDS_0020,61.84000015258789
contig_267_CDS_0021,66.22000122070312
contig_267_CDS_0022,77.87999725341797
contig_267_CDS_0023,88.30000305175781
contig_267_CDS_0024,87.11000061035156
contig_267_CDS_0025,72.4000015258789
contig_267_CDS_0026,76.95999908447266
contig_267_CDS_0027,71.25
contig_267_CDS_0028,87.26000213623047
contig_267_CDS_0029,47.029998779296875
contig_267_CDS_0030,77.86000061035156
contig_267_CDS_0031,61.70000076293945
contig_267_CDS_0032,37.93000030517578
contig_267_CDS_0033,71.12000274658203
contig_267_CDS_0034,80.87999725341797
contig_267_CDS_0035,51.540000915527344
contig_267_CDS_0036,75.27999877929688
contig_267_CDS_0037,57.2400016784668
contig_267_CDS_0038,42.119998931884766
contig_267_CDS_0039,71.2699966430664
contig_267_CDS_0040,51.75
contig_267_CDS_0041,66.38999938964844
contig_267_CDS_0042,61.130001068115234
contig_267_CDS_0043,79.30999755859375
contig_267_CDS_0044,56.279998779296875
contig_267_CDS_0045,55.459999084472656
contig_267_CDS_0046,62.150001525878906
contig_267_CDS_0047,70.19999694824219
contig_267_CDS_0048,50.97999954223633
contig_267_CDS_0049,63.790000915527344
contig_267_CDS_0050,98.5199966430664
contig_267_CDS_0051,50.81999969482422
contig_267_CDS_0052,64.0199966430664
contig_267_CDS_0053,53.7599983215332
contig_267_CDS_0054,47.560001373291016
contig_267_CDS_0055,62.900001525878906
contig_267_CDS_0056,36.02000045776367
contig_267_CDS_0057,87.37999725341797
contig_267_CDS_0058,54.279998779296875
contig_267_CDS_0059,57.939998626708984
contig_267_CDS_0060,75.62999725341797
contig_267_CDS_0061,84.19000244140625
contig_267_CDS_0062,51.9900016784668
contig_267_CDS_0063,41.849998474121094
contig_267_CDS_0064,72.62000274658203
contig_267_CDS_0065,72.33000183105469
contig_267_CDS_0066,65.97000122070312
contig_267_CDS_0067,58.86000061035156
contig_267_CDS_0068,52.0099983215332
contig_267_CDS_0069,45.77000045776367
contig_267_CDS_0070,53.5099983215332
contig_267_CDS_0071,44.27000045776367
contig_267_CDS_0072,52.560001373291016
contig_267_CDS_0073,48.83000183105469
contig_267_CDS_0074,42.56999969482422
contig_267_CDS_0075,46.650001525878906
contig_267_CDS_0076,49.279998779296875
contig_267_CDS_0077,64.05000305175781
contig_267_CDS_0078,56.84000015258789
contig_267_CDS_0079,76.30999755859375
contig_267_CDS_0080,51.4900016784668
contig_267_CDS_0081,84.63999938964844
contig_267_CDS_0082,37.72999954223633
contig_267_CDS_0083,62.56999969482422
contig_267_CDS_0084,44.97999954223633
contig_267_CDS_0085,44.209999084472656
contig_267_CDS_0086,47.09000015258789
contig_267_CDS_0087,31.010000228881836
contig_267_CDS_0088,40.93000030517578
contig_267_CDS_0089,63.29999923706055
contig_267_CDS_0090,66.36000061035156
contig_267_CDS_0091,48.06999969482422
contig_267_CDS_0092,60.709999084472656
contig_267_CDS_0093,75.9800033569336
contig_267_CDS_0094,52.720001220703125
contig_267_CDS_0095,80.36000061035156
contig_267_CDS_0096,88.98999786376953
contig_267_CDS_0097,72.94000244140625
contig_267_CDS_0098,50.119998931884766
contig_267_CDS_0099,79.5999984741211
contig_267_CDS_0100,65.75
contig_267_CDS_0101,58.29999923706055
contig_267_CDS_0102,94.68000030517578
contig_267_CDS_0103,82.5199966430664
contig_267_CDS_0104,58.90999984741211
contig_267_CDS_0105,75.68000030517578
contig_267_CDS_0106,60.45000076293945
contig_267_CDS_0107,68.20999908447266
contig_267_CDS_0108,50.20000076293945
contig_267_CDS_0109,61.290000915527344
contig_267_CDS_0110,57.88999938964844
contig_267_CDS_0111,64.33000183105469
contig_267_CDS_0112,40.97999954223633
contig_267_CDS_0113,78.16999816894531
contig_267_CDS_0114,63.970001220703125
contig_267_CDS_0115,89.41999816894531
contig_267_CDS_0116,61.38999938964844
contig_267_CDS_0117,58.220001220703125
contig_267_CDS_0118,60.310001373291016
contig_267_CDS_0119,75.66000366210938
contig_267_CDS_0120,84.79000091552734
contig_267_CDS_0121,42.790000915527344
contig_267_CDS_0122,61.59000015258789
