contig_id	length	prediction	entropy	reliability_score	host_contam	prophage_contam	G+C	N%	prediction_2	#_bacteria_windows	#_phage_windows	#_eukarya_windows	#_archaea_windows	bacteria_score	bacteria_var	phage_score	phage_var	eukarya_score	eukarya_var	archaea_score	archaea_var	window_summary	terminal_repeats	repeat_length
contig_1	2568.000	phage	0.009	0.936	False	False	0.519	0.000	bacteria	0.000	1.000	0.000	0.000	-1.565	0.000	5.816	0.000	-5.980	0.000	-3.385	0.000	1V		
contig_1004	2316.000	phage	0.027	0.893	False	False	0.268	0.000	bacteria	0.000	1.000	0.000	0.000	-0.990	0.000	5.078	0.000	-5.352	0.000	-3.582	0.000	1V		
contig_1005	2675.000	phage	0.082	0.910	False	False	0.547	0.000	bacteria	0.000	1.000	0.000	0.000	-0.090	0.000	4.527	0.000	-5.465	0.000	-4.348	0.000	1V		
contig_1008	2228.000	phage	0.167	0.912	False	False	0.480	0.000	bacteria	0.000	1.000	0.000	0.000	0.228	0.000	3.988	0.000	-5.105	0.000	-3.094	0.000	1V		
contig_1006	43357.000	phage	0.281	0.645	True	False	0.493	0.000	bacteria	0.000	18.000	3.000	0.000	-0.600	0.435	3.457	3.787	-3.123	6.914	-4.098	0.993	8V2n7V1n3V	DTR	97.000
contig_1007	36319.000	phage	0.156	0.815	False	False	0.354	0.000	bacteria	0.000	17.000	0.000	0.000	0.078	0.521	4.711	1.076	-5.793	1.228	-3.641	0.357	17V		
contig_101	18777.000	phage	0.320	0.457	False	False	0.381	0.000	bacteria	0.000	8.000	1.000	0.000	-1.078	1.826	3.768	2.170	-2.805	5.109	-4.188	0.948	2V1n6V	ITR	13.000
contig_1012	5344.000	phage	0.605	0.481	False	False	0.566	0.000	bacteria	0.000	2.000	0.000	0.000	2.301	0.368	4.086	0.001	-5.027	0.714	-4.973	0.187	2V		
contig_1015	9475.000	phage	0.281	0.653	False	False	0.484	0.000	bacteria	1.000	3.000	0.000	0.000	0.454	1.367	4.605	3.344	-5.059	2.891	-4.469	0.159	1V1n2V		
contig_1016	5614.000	phage	0.039	0.645	False	False	0.496	0.000	bacteria	0.000	2.000	0.000	0.000	-0.428	0.200	5.180	0.599	-5.000	0.981	-4.570	0.081	2V		
contig_1017	5706.000	phage	0.114	0.618	False	False	0.504	0.000	bacteria	0.000	2.000	0.000	0.000	0.296	0.001	4.578	0.277	-4.789	0.182	-4.785	0.022	2V		
contig_1019	29669.000	phage	0.230	0.478	False	False	0.352	0.000	bacteria	0.000	13.000	1.000	0.000	-1.924	0.743	3.971	3.250	-2.896	2.840	-2.541	1.246	1V1n12V		
contig_1021	15099.000	phage	0.298	0.817	False	False	0.504	0.000	bacteria	2.000	5.000	0.000	0.000	2.107	4.711	4.031	2.469	-6.094	0.567	-5.984	1.223	1n2V1n3V		
contig_1025	2302.000	phage	0.119	0.828	False	False	0.462	0.000	bacteria	0.000	1.000	0.000	0.000	-0.318	0.000	3.891	0.000	-4.781	0.000	-3.607	0.000	1V		
contig_1026	16895.000	phage	0.121	0.850	False	False	0.590	0.000	bacteria	0.000	8.000	0.000	0.000	0.755	0.415	5.730	1.495	-7.250	1.014	-4.992	0.144	8V		
contig_103	16445.000	phage	0.237	0.785	False	False	0.604	0.000	bacteria	0.000	8.000	0.000	0.000	0.463	0.515	4.160	0.454	-5.664	1.055	-5.176	0.382	8V		
contig_1032	12196.000	phage	0.352	0.507	False	False	0.569	0.000	bacteria	1.000	4.000	0.000	0.000	0.152	1.763	3.613	1.466	-2.941	2.143	-5.129	0.171	3V1n1V		
contig_1033	15904.000	phage	0.378	0.658	False	False	0.593	0.000	bacteria	0.000	7.000	0.000	0.000	0.625	0.273	4.047	2.008	-5.867	2.139	-3.029	1.307	7V	ITR	13.000
contig_1034	18402.000	phage	0.298	0.684	False	False	0.303	0.000	bacteria	0.000	8.000	0.000	0.000	0.045	1.093	3.859	0.995	-5.660	3.574	-2.891	0.563	8V		
contig_104	16758.000	phage	0.297	0.674	False	False	0.615	0.000	bacteria	1.000	7.000	0.000	0.000	0.808	0.661	4.035	1.663	-5.434	5.438	-5.289	0.345	2V1n5V		
contig_1047	3494.000	phage	0.407	0.783	False	False	0.601	0.000	bacteria	0.000	1.000	0.000	0.000	1.036	0.000	3.475	0.000	-5.223	0.000	-5.035	0.000	1V		
contig_1042	36454.000	phage	0.710	0.502	False	False	0.607	0.000	bacteria	5.000	11.000	1.000	0.000	2.137	1.052	3.230	1.491	-3.803	2.203	-4.926	0.290	1V2n1V2n4V2n5V		
contig_1048	13007.000	phage	0.487	0.705	False	False	0.581	0.000	bacteria	1.000	5.000	0.000	0.000	1.021	0.683	3.414	1.028	-4.570	1.069	-4.695	0.191	2V1n3V		
contig_1049	2310.000	phage	0.121	0.884	False	False	0.646	0.000	bacteria	0.000	1.000	0.000	0.000	0.895	0.000	4.992	0.000	-6.586	0.000	-5.113	0.000	1V		
contig_105	29683.000	phage	0.102	0.852	False	False	0.292	0.000	bacteria	0.000	14.000	0.000	0.000	-0.456	0.463	4.660	0.603	-6.051	0.728	-3.223	1.012	14V		
contig_1051	8144.000	phage	0.183	0.717	False	False	0.476	0.000	bacteria	0.000	3.000	0.000	0.000	0.159	0.013	3.977	0.356	-4.070	0.971	-3.576	0.333	3V		
contig_1052	12060.000	phage	0.226	0.518	False	False	0.548	0.000	bacteria	0.000	5.000	0.000	0.000	-0.093	0.143	3.611	0.313	-2.744	1.920	-4.586	0.476	5V		
contig_1054	50858.000	phage	0.560	0.666	False	False	0.439	0.000	bacteria	5.000	19.000	0.000	0.000	1.692	1.018	3.670	2.363	-4.922	3.912	-5.020	0.384	1n1V1n15V1n1V1n1V1n1V		
contig_1063	2306.000	phage	0.020	0.990	False	False	0.365	0.000	bacteria	0.000	1.000	0.000	0.000	-0.824	0.000	5.488	0.000	-7.094	0.000	-4.156	0.000	1V		
contig_1065	9822.000	phage	0.207	0.615	False	False	0.462	0.000	bacteria	0.000	4.000	0.000	0.000	0.057	0.966	4.188	0.416	-5.051	0.799	-4.078	0.156	4V		
contig_1062	50552.000	phage	0.376	0.614	False	False	0.370	0.000	bacteria	0.000	23.000	0.000	1.000	-0.940	1.575	3.697	2.496	-4.332	3.326	-2.719	1.794	1n23V		
contig_1066	5137.000	phage	0.356	0.745	False	False	0.466	0.000	bacteria	0.000	2.000	0.000	0.000	1.104	1.906	4.988	1.027	-5.465	0.374	-4.609	0.158	2V		
contig_1067	7307.000	phage	0.220	0.681	False	False	0.600	0.000	bacteria	0.000	3.000	0.000	0.000	0.047	0.259	4.492	1.873	-4.008	2.064	-5.145	0.191	3V		
contig_1068	2239.000	phage	0.021	0.936	False	False	0.545	0.000	bacteria	0.000	1.000	0.000	0.000	-0.552	0.000	5.691	0.000	-5.238	0.000	-5.617	0.000	1V		
contig_1070	2758.000	phage	0.068	0.922	False	False	0.318	0.000	bacteria	0.000	1.000	0.000	0.000	0.152	0.000	5.016	0.000	-5.457	0.000	-3.607	0.000	1V		
contig_108	16635.000	phage	0.003	0.973	False	False	0.361	0.000	bacteria	0.000	8.000	0.000	0.000	-2.600	0.100	6.625	0.478	-6.570	0.469	-3.461	0.534	8V		
contig_1081	20092.000	phage	0.276	0.749	False	False	0.521	0.000	bacteria	1.000	8.000	0.000	0.000	0.802	1.072	4.664	2.293	-5.371	6.242	-4.273	0.944	5V1n3V		
contig_1082	15906.000	phage	0.279	0.682	True	False	0.469	0.000	bacteria	0.000	6.000	1.000	0.000	-1.682	1.335	5.074	7.176	-4.355	11.625	-4.664	0.207	1V1n5V		
contig_1083	10940.000	phage	0.352	0.760	False	False	0.549	0.000	bacteria	0.000	5.000	0.000	0.000	1.739	0.957	5.234	1.357	-7.617	2.486	-4.961	0.427	5V		
contig_1084	11038.000	phage	0.147	0.842	False	False	0.520	0.000	bacteria	0.000	5.000	0.000	0.000	-0.192	0.300	4.762	1.212	-5.176	2.557	-3.402	0.978	5V		
contig_1085	2357.000	phage	0.079	0.915	False	False	0.316	0.000	bacteria	0.000	1.000	0.000	0.000	-0.597	0.000	4.148	0.000	-5.062	0.000	-3.418	0.000	1V		
contig_1089	11085.000	phage	0.130	0.485	False	False	0.571	0.000	bacteria	0.000	5.000	0.000	0.000	-0.825	0.924	4.305	0.892	-2.609	1.959	-4.945	0.305	5V		
contig_109	15785.000	phage	0.019	0.884	False	False	0.372	0.000	bacteria	0.000	7.000	0.000	0.000	-2.367	0.675	6.535	2.844	-6.707	3.178	-3.750	0.166	7V		
contig_1092	32186.000	phage	0.519	0.384	False	False	0.361	0.000	bacteria	0.000	15.000	0.000	0.000	0.435	0.587	3.172	0.957	-3.385	3.270	-3.664	1.227	15V		
contig_1095	23180.000	phage	0.401	0.758	False	False	0.567	0.000	bacteria	2.000	9.000	0.000	0.000	1.193	1.420	4.328	3.207	-5.367	4.121	-4.902	0.600	4V1n1V1n4V		
contig_1100	2768.000	phage	0.134	0.540	False	False	0.536	0.000	bacteria	0.000	1.000	0.000	0.000	0.574	0.000	4.582	0.000	-4.137	0.000	-4.027	0.000	1V		
contig_1101	31229.000	phage	0.560	0.595	False	False	0.376	0.000	bacteria	1.000	14.000	0.000	0.000	0.394	0.719	3.211	1.910	-3.943	2.754	-2.957	2.275	12V1n2V		
contig_1104	15323.000	phage	0.358	0.609	False	False	0.479	0.000	bacteria	1.000	6.000	0.000	0.000	0.502	0.980	3.824	3.670	-4.281	4.023	-4.363	0.954	1n6V		
contig_1105	4625.000	phage	0.301	0.658	False	False	0.653	0.000	bacteria	0.000	2.000	0.000	0.000	1.055	0.067	4.168	0.407	-5.410	1.032	-4.539	0.031	2V		
contig_1106	4836.000	phage	0.088	0.935	False	False	0.657	0.000	bacteria	0.000	2.000	0.000	0.000	0.442	0.096	5.410	0.746	-7.523	0.504	-5.410	0.472	2V	ITR	14.000
contig_1110	8026.000	phage	0.195	0.871	False	False	0.303	0.000	bacteria	0.000	3.000	0.000	0.000	0.325	0.431	4.176	0.225	-5.891	0.017	-3.213	0.440	3V		
contig_1107	36946.000	phage	0.332	0.791	True	False	0.676	0.000	bacteria	5.000	13.000	0.000	0.000	1.811	2.494	3.539	3.551	-7.066	1.032	-4.672	0.723	13V5n	DTR	13.000
contig_1113	2391.000	phage	0.621	0.344	False	False	0.517	0.000	bacteria	0.000	1.000	0.000	0.000	1.404	0.000	3.148	0.000	-3.926	0.000	-4.410	0.000	1V		
contig_1111	31091.000	phage	0.556	0.477	False	False	0.289	0.000	bacteria	0.000	14.000	1.000	0.000	0.031	0.629	3.039	1.537	-4.020	4.082	-2.365	2.025	1V1n13V		
contig_1114	6123.000	phage	0.854	0.574	False	False	0.682	0.000	bacteria	0.000	2.000	0.000	0.000	2.611	0.020	3.443	0.545	-5.441	1.390	-5.523	0.135	2V		
contig_1118	21402.000	phage	0.373	0.670	False	False	0.303	0.000	bacteria	1.000	9.000	0.000	0.000	0.837	0.805	3.969	2.270	-5.586	2.592	-3.689	0.513	8V1n1V	ITR	14.000
contig_1119	28019.000	phage	0.646	0.661	False	False	0.698	0.000	bacteria	1.000	12.000	0.000	0.000	1.484	0.558	3.133	0.610	-5.410	1.561	-3.812	0.692	7V1n5V	DTR	13.000
contig_1129	6485.000	phage	0.514	0.705	False	False	0.684	0.000	bacteria	0.000	3.000	0.000	0.000	1.232	0.377	3.541	0.664	-5.449	0.757	-4.180	0.219	3V		
contig_113	6409.000	phage	0.152	0.794	False	False	0.581	0.000	bacteria	0.000	3.000	0.000	0.000	0.361	0.064	4.387	0.204	-5.773	0.497	-4.113	0.591	3V		
contig_1132	2610.000	phage	0.103	0.276	False	False	0.505	0.000	bacteria	0.000	1.000	0.000	0.000	-1.532	0.000	3.590	0.000	-1.732	0.000	-3.906	0.000	1V		
contig_1131	51372.000	phage	0.166	0.750	True	False	0.358	0.000	bacteria	0.000	23.000	2.000	0.000	-1.783	0.965	4.680	5.137	-4.297	6.848	-3.340	1.545	1n18V1n5V	DTR	25.000
contig_1136	37294.000	phage	0.114	0.882	False	False	0.431	0.000	bacteria	0.000	18.000	0.000	0.000	0.196	0.677	5.516	1.135	-6.543	1.406	-4.211	0.515	18V		
contig_1139	6822.000	phage	0.358	0.726	True	False	0.502	0.000	bacteria	0.000	2.000	1.000	0.000	0.296	0.080	3.018	10.055	-3.133	12.500	-3.920	0.233	2V1n		
contig_1140	8555.000	phage	0.392	0.740	False	False	0.488	0.000	bacteria	0.000	4.000	0.000	0.000	1.194	1.107	4.469	1.067	-5.426	0.019	-4.848	0.218	4V		
contig_1141	8793.000	phage	0.424	0.479	False	False	0.498	0.000	bacteria	0.000	4.000	0.000	0.000	0.672	0.571	3.770	1.305	-3.328	1.513	-4.781	0.153	4V		
contig_1143	3012.000	phage	0.552	0.579	False	False	0.548	0.000	bacteria	0.000	1.000	0.000	0.000	1.704	0.000	3.643	0.000	-5.074	0.000	-4.203	0.000	1V		
contig_1144	7364.000	phage	0.389	0.611	False	False	0.556	0.000	bacteria	0.000	3.000	0.000	0.000	1.290	0.090	4.145	0.911	-5.824	1.425	-4.539	0.372	3V		
contig_1145	4604.000	phage	0.541	0.644	False	False	0.539	0.000	bacteria	1.000	1.000	0.000	0.000	1.787	0.651	3.451	2.248	-4.684	1.034	-4.879	0.022	1V1n		
contig_1147	2235.000	phage	0.063	0.772	False	False	0.582	0.000	bacteria	0.000	1.000	0.000	0.000	-0.676	0.000	4.410	0.000	-3.799	0.000	-3.344	0.000	1V		
contig_1148	15547.000	phage	0.661	0.444	False	False	0.453	0.000	bacteria	0.000	7.000	0.000	0.000	1.104	1.559	3.217	0.777	-3.525	2.482	-4.105	0.570	7V		
contig_115	3964.000	phage	0.354	0.700	False	False	0.576	0.000	bacteria	0.000	1.000	0.000	0.000	1.354	0.000	3.998	0.000	-6.258	0.000	-4.930	0.000	1V		
contig_1153	13553.000	phage	0.086	0.803	False	False	0.549	0.000	bacteria	0.000	6.000	0.000	0.000	-0.286	0.097	5.059	1.119	-5.914	3.508	-4.137	0.426	6V		
contig_1155	27817.000	phage	0.249	0.581	False	False	0.306	0.000	bacteria	1.000	12.000	0.000	0.000	-0.648	0.688	3.773	1.961	-3.617	3.023	-2.893	0.893	12V1n	DTR	13.000
contig_1158	3212.000	phage	0.640	0.808	False	False	0.678	0.000	bacteria	0.000	1.000	0.000	0.000	2.064	0.000	3.711	0.000	-5.680	0.000	-5.617	0.000	1V		
contig_116	2724.000	phage	0.134	0.721	False	False	0.583	0.000	bacteria	0.000	1.000	0.000	0.000	-0.493	0.000	3.742	0.000	-5.164	0.000	-2.281	0.000	1V		
contig_1157	48870.000	phage	0.347	0.609	False	False	0.482	0.000	bacteria	3.000	20.000	0.000	0.000	0.365	0.950	3.754	2.652	-3.967	4.434	-4.180	0.349	1V2n5V1n14V	LTR_DTR	305.000
contig_1162	11726.000	phage	0.072	0.868	True	False	0.301	0.000	bacteria	1.000	4.000	0.000	0.000	-0.285	3.125	4.812	6.098	-6.188	2.145	-3.047	0.149	1V1n3V		
contig_1163	17919.000	phage	0.350	0.816	False	False	0.582	0.000	bacteria	3.000	5.000	0.000	0.000	1.403	2.361	3.672	3.064	-5.855	1.246	-4.883	0.779	1V1n1V1n1V1n2V		
contig_117	7851.000	phage	0.668	0.679	False	False	0.495	0.000	bacteria	0.000	3.000	0.000	0.000	1.847	0.333	3.398	0.294	-5.625	2.611	-5.273	0.128	3V		
contig_1172	4490.000	phage	0.093	0.568	False	False	0.487	0.000	bacteria	0.000	2.000	0.000	0.000	-1.070	0.935	4.508	0.562	-3.773	3.029	-4.492	0.031	2V		
contig_1170	36365.000	phage	0.582	0.460	False	False	0.539	0.000	bacteria	3.000	14.000	0.000	0.000	1.316	0.938	3.295	1.659	-3.471	4.520	-4.527	0.542	1V2n1V1n12V		
contig_1175	16175.000	phage	0.406	0.529	False	False	0.321	0.000	bacteria	0.000	7.000	0.000	0.000	-0.730	0.866	3.367	1.778	-3.141	3.893	-2.828	0.207	7V		
contig_1176	6117.000	phage	0.025	0.958	False	False	0.430	0.000	bacteria	0.000	2.000	0.000	0.000	-0.631	0.074	5.504	0.034	-5.645	0.076	-3.998	0.431	2V		
contig_1179	2082.000	phage	0.127	0.811	False	False	0.385	0.000	bacteria	0.000	1.000	0.000	0.000	1.004	0.000	5.074	0.000	-7.918	0.000	-3.129	0.000	1V		
contig_1177	41139.000	phage	0.041	0.893	False	False	0.467	0.000	bacteria	0.000	20.000	0.000	0.000	-2.654	1.356	7.453	3.557	-5.512	3.135	-4.832	0.610	20V	DTR	56.000
contig_1182	2446.000	phage	0.009	0.979	False	False	0.361	0.000	bacteria	0.000	1.000	0.000	0.000	-0.689	0.000	6.582	0.000	-6.699	0.000	-3.799	0.000	1V		
contig_1184	30062.000	phage	0.241	0.727	False	False	0.353	0.000	bacteria	0.000	14.000	0.000	0.000	0.039	0.438	4.113	1.037	-5.902	1.346	-2.277	1.617	14V		
contig_1189	6813.000	phage	0.117	0.817	False	False	0.340	0.000	bacteria	0.000	3.000	0.000	0.000	-1.297	0.075	4.336	1.130	-5.090	1.363	-1.449	0.362	3V		
contig_1190	3799.000	phage	0.056	0.817	False	False	0.320	0.000	bacteria	0.000	1.000	0.000	0.000	-0.849	0.000	4.656	0.000	-5.914	0.000	-1.767	0.000	1V		
contig_1194	3296.000	phage	0.200	0.489	False	False	0.464	0.000	bacteria	0.000	1.000	0.000	0.000	-0.285	0.000	3.252	0.000	-4.398	0.000	-3.865	0.000	1V		
contig_1195	3262.000	phage	0.081	0.984	False	False	0.455	0.000	bacteria	0.000	1.000	0.000	0.000	0.325	0.000	4.941	0.000	-6.242	0.000	-4.695	0.000	1V		
contig_1199	15258.000	phage	0.266	0.546	False	False	0.472	0.000	bacteria	0.000	7.000	0.000	0.000	-0.339	0.402	3.939	1.495	-3.574	3.262	-3.227	1.266	7V		
contig_1198	28588.000	phage	0.402	0.663	False	False	0.551	0.000	bacteria	0.000	13.000	0.000	0.000	0.639	0.878	4.043	2.797	-4.809	3.727	-4.875	0.411	13V		
contig_120	27677.000	phage	0.342	0.556	False	False	0.489	0.000	bacteria	0.000	12.000	1.000	0.000	-0.750	1.587	3.430	2.486	-2.885	5.645	-4.203	0.736	1n12V		
contig_1201	15284.000	phage	0.407	0.520	False	False	0.530	0.000	bacteria	0.000	7.000	0.000	0.000	1.342	0.430	4.191	1.105	-5.238	0.575	-5.266	0.079	7V		
contig_1208	4058.000	phage	0.049	0.241	False	False	0.501	0.000	eukarya	0.000	1.000	0.000	0.000	-2.039	0.000	4.363	0.000	-1.584	0.000	-3.420	0.000	1V		
contig_121	2392.000	phage	0.160	0.657	False	False	0.497	0.000	bacteria	0.000	1.000	0.000	0.000	0.822	0.000	4.574	0.000	-6.199	0.000	-4.297	0.000	1V		
contig_1214	12914.000	phage	0.485	0.452	False	False	0.517	0.000	bacteria	0.000	6.000	0.000	0.000	0.369	0.518	3.443	2.092	-3.357	4.980	-4.895	0.624	6V		
contig_1219	2884.000	phage	0.083	0.622	False	False	0.414	0.000	bacteria	0.000	1.000	0.000	0.000	-0.450	0.000	4.188	0.000	-4.926	0.000	-4.043	0.000	1V		
contig_1218	34004.000	phage	0.151	0.793	False	False	0.454	0.000	bacteria	1.000	15.000	0.000	0.000	-0.952	2.246	5.008	3.658	-4.926	4.395	-4.496	1.390	7V1n8V		
contig_1220	3240.000	phage	0.081	0.903	False	False	0.412	0.000	bacteria	0.000	1.000	0.000	0.000	-0.079	0.000	4.562	0.000	-5.078	0.000	-3.912	0.000	1V		
contig_1222	4307.000	phage	0.280	0.856	True	False	0.673	0.000	bacteria	1.000	1.000	0.000	0.000	2.254	1.457	3.080	3.914	-6.000	0.595	-4.766	0.088	1n1V		
contig_1223	44980.000	phage	0.132	0.770	False	False	0.403	0.000	bacteria	0.000	21.000	0.000	0.000	-0.747	0.676	4.855	2.223	-5.508	3.678	-3.949	0.631	21V	DTR	13.000
contig_1227	3416.000	phage	0.012	0.987	False	False	0.515	0.000	bacteria	0.000	1.000	0.000	0.000	-0.333	0.000	6.543	0.000	-7.148	0.000	-3.924	0.000	1V		
contig_1226	33104.000	phage	0.248	0.725	False	False	0.526	0.000	bacteria	0.000	16.000	0.000	0.000	0.369	0.619	4.473	1.323	-5.336	3.305	-3.902	0.349	16V		
contig_1228	9552.000	phage	0.286	0.721	False	False	0.562	0.000	bacteria	1.000	3.000	0.000	0.000	1.831	2.043	3.348	1.829	-4.988	0.436	-3.746	0.426	1n3V		
contig_1229	10729.000	phage	0.102	0.854	False	False	0.519	0.000	bacteria	0.000	5.000	0.000	0.000	0.883	0.117	5.375	0.621	-6.090	2.334	-4.859	0.129	5V		
contig_123	43186.000	phage	0.448	0.745	False	False	0.610	0.000	bacteria	2.000	19.000	0.000	0.000	1.541	0.568	3.955	1.418	-6.500	2.117	-4.555	0.844	1n8V1n11V		
contig_1236	13367.000	phage	0.259	0.666	True	False	0.487	0.000	bacteria	0.000	6.000	0.000	0.000	-2.092	5.699	5.312	7.008	-3.469	3.906	-5.324	0.551	6V		
contig_124	11045.000	phage	0.651	0.727	False	False	0.613	0.000	bacteria	2.000	3.000	0.000	0.000	2.422	0.790	3.205	3.111	-6.324	1.450	-4.199	0.317	3V2n		
contig_1239	36142.000	phage	0.143	0.754	False	False	0.423	0.000	bacteria	0.000	16.000	1.000	0.000	-2.008	0.987	5.121	5.043	-4.801	9.891	-3.904	1.231	12V1n4V		
contig_1241	5123.000	phage	0.118	0.512	False	False	0.350	0.000	bacteria	0.000	2.000	0.000	0.000	-1.103	0.044	3.625	0.000	-2.766	0.569	-2.504	0.114	2V		
contig_1242	29633.000	phage	0.146	0.539	False	False	0.324	0.000	bacteria	0.000	13.000	0.000	1.000	-1.371	0.654	3.836	2.002	-4.105	2.238	-2.479	2.617	3V1n10V		
contig_1244	3520.000	phage	0.095	0.899	False	False	0.521	0.000	bacteria	0.000	1.000	0.000	0.000	0.319	0.000	4.730	0.000	-5.445	0.000	-5.164	0.000	1V		
contig_1247	11684.000	phage	0.129	0.885	False	False	0.532	0.000	bacteria	0.000	5.000	0.000	0.000	-0.239	0.791	5.383	1.839	-6.180	1.681	-4.457	0.515	5V		
contig_1248	10564.000	phage	0.277	0.743	False	False	0.542	0.000	bacteria	0.000	5.000	0.000	0.000	1.124	0.626	4.875	1.453	-6.359	5.355	-4.754	0.936	5V		
contig_125	6372.000	phage	0.731	0.648	False	False	0.610	0.000	bacteria	0.000	3.000	0.000	0.000	2.096	0.674	3.371	0.784	-5.781	1.069	-4.461	0.257	3V		
contig_1250	5671.000	phage	0.437	0.677	True	False	0.475	0.000	bacteria	0.000	2.000	0.000	0.000	-1.250	0.938	4.141	6.188	-3.486	6.520	-4.023	0.003	2V		
contig_1253	4788.000	phage	0.020	0.454	False	False	0.456	0.000	bacteria	0.000	2.000	0.000	0.000	-2.371	0.614	4.883	0.000	-3.529	2.326	-3.660	0.880	2V		
contig_1252	28085.000	phage	0.114	0.876	False	False	0.410	0.000	bacteria	0.000	13.000	0.000	0.000	-0.689	0.335	5.535	2.180	-6.238	4.961	-4.754	1.159	13V		
contig_1254	19106.000	phage	0.142	0.848	False	False	0.435	0.000	bacteria	0.000	9.000	0.000	0.000	-0.174	0.278	4.164	0.584	-5.238	0.768	-4.332	0.968	9V		
contig_1257	36821.000	phage	0.365	0.761	False	False	0.566	0.000	bacteria	1.000	16.000	0.000	0.000	1.303	0.858	4.473	1.211	-5.906	3.668	-4.762	1.025	13V1n3V		
contig_1262	32671.000	phage	0.492	0.777	False	False	0.582	0.000	bacteria	3.000	12.000	0.000	0.000	1.827	0.752	3.967	1.658	-6.070	2.611	-4.531	0.649	1n7V1n3V1n2V		
contig_1269	3951.000	phage	0.038	0.984	False	False	0.424	0.000	bacteria	0.000	1.000	0.000	0.000	-0.192	0.000	5.332	0.000	-7.098	0.000	-5.766	0.000	1V		
contig_1270	5605.000	phage	0.013	0.945	False	False	0.455	0.000	bacteria	0.000	2.000	0.000	0.000	-1.604	0.031	5.711	0.922	-6.641	3.297	-4.637	0.059	2V		
contig_1273	12799.000	phage	0.655	0.700	False	False	0.651	0.000	bacteria	2.000	4.000	0.000	0.000	2.412	0.604	3.814	1.163	-6.254	0.750	-5.297	0.295	1n4V1n		
contig_1274	13726.000	phage	0.359	0.777	False	False	0.663	0.000	bacteria	2.000	4.000	0.000	0.000	2.426	2.750	4.094	1.774	-6.734	0.939	-5.332	0.311	3V2n1V		
contig_1275	22860.000	phage	0.554	0.559	False	False	0.653	0.000	bacteria	1.000	10.000	0.000	0.000	1.607	0.516	3.688	1.671	-4.586	4.043	-5.371	0.701	10V1n		
contig_1278	2245.000	phage	0.101	0.834	False	False	0.488	0.000	bacteria	0.000	1.000	0.000	0.000	0.958	0.000	5.285	0.000	-6.910	0.000	-5.180	0.000	1V		
contig_1279	4100.000	phage	0.073	0.728	False	False	0.470	0.000	bacteria	0.000	2.000	0.000	0.000	-0.567	0.482	5.926	3.432	-6.664	9.688	-4.785	0.201	2V		
contig_1281	20802.000	phage	0.160	0.604	False	False	0.452	0.000	eukarya	0.000	10.000	0.000	0.000	-3.117	1.879	4.152	2.148	-3.111	4.418	-3.613	4.246	10V		
contig_1285	6258.000	phage	0.402	0.657	False	False	0.633	0.000	bacteria	0.000	3.000	0.000	0.000	-0.230	1.011	3.838	2.619	-4.121	9.719	-4.754	0.376	3V		
contig_1286	2321.000	phage	0.026	0.655	False	False	0.437	0.000	bacteria	0.000	1.000	0.000	0.000	-1.003	0.000	5.086	0.000	-4.223	0.000	-4.449	0.000	1V		
contig_1291	16084.000	phage	0.260	0.714	False	False	0.565	0.000	bacteria	0.000	7.000	0.000	0.000	0.863	0.050	4.652	1.551	-4.836	3.373	-4.926	0.407	7V		
contig_1292	2994.000	phage	0.795	0.612	False	False	0.571	0.000	bacteria	0.000	1.000	0.000	0.000	2.221	0.000	3.387	0.000	-5.930	0.000	-4.773	0.000	1V		
contig_1295	4079.000	phage	0.320	0.599	False	False	0.668	0.000	bacteria	0.000	1.000	0.000	0.000	1.626	0.000	4.422	0.000	-5.168	0.000	-4.754	0.000	1V		
contig_1299	5459.000	phage	0.628	0.634	False	False	0.579	0.000	bacteria	0.000	2.000	0.000	0.000	2.443	0.415	4.148	0.140	-5.906	0.035	-5.258	0.200	2V		
contig_1297	44160.000	phage	0.282	0.618	False	False	0.436	0.000	bacteria	1.000	19.000	1.000	0.000	-1.793	2.133	3.436	2.727	-3.508	5.109	-3.863	1.438	10V1n2V1n7V	DTR	189.000
contig_1298	40164.000	phage	0.103	0.770	False	False	0.436	0.000	bacteria	0.000	19.000	0.000	0.000	-1.233	0.528	4.852	1.771	-4.953	4.293	-4.059	0.955	19V	DTR	177.000
contig_131	2821.000	phage	0.115	0.521	False	False	0.576	0.000	bacteria	0.000	1.000	0.000	0.000	0.298	0.000	4.520	0.000	-3.234	0.000	-6.062	0.000	1V		
contig_1310	3604.000	phage	0.017	0.941	False	False	0.434	0.000	bacteria	0.000	1.000	0.000	0.000	-1.820	0.000	4.734	0.000	-5.398	0.000	-4.672	0.000	1V		
contig_1315	8990.000	phage	0.002	0.952	False	False	0.429	0.000	bacteria	0.000	4.000	0.000	0.000	-2.881	0.092	6.863	0.144	-6.047	0.336	-3.373	0.023	4V		
contig_1317	15257.000	phage	0.359	0.706	False	False	0.307	0.000	bacteria	0.000	7.000	0.000	0.000	-0.037	0.322	3.500	0.956	-5.246	0.607	-2.234	1.402	7V		
contig_1320	9585.000	phage	0.137	0.677	False	False	0.446	0.000	bacteria	0.000	4.000	0.000	0.000	1.058	0.115	5.367	0.857	-6.281	0.492	-5.793	0.110	4V		
contig_132	37964.000	phage	0.264	0.701	False	False	0.383	0.000	bacteria	0.000	18.000	0.000	0.000	-0.859	0.596	3.832	2.033	-4.465	3.291	-2.656	0.545	18V		
contig_1321	27424.000	phage	0.354	0.716	False	False	0.475	0.000	bacteria	1.000	12.000	0.000	0.000	0.788	1.728	4.289	1.290	-5.020	1.502	-4.398	0.970	7V1n5V		
contig_1322	32879.000	phage	0.385	0.826	False	False	0.586	0.000	bacteria	1.000	15.000	0.000	0.000	1.496	1.438	4.574	1.767	-7.008	3.785	-4.617	0.615	15V1n		
contig_1323	35894.000	phage	0.463	0.776	False	False	0.593	0.000	bacteria	8.000	9.000	0.000	0.000	2.371	1.794	3.104	2.779	-5.285	1.733	-4.207	1.171	1n1V1n3V1n1V2n3V3n1V		
contig_1331	14555.000	phage	0.583	0.591	False	False	0.479	0.000	bacteria	3.000	4.000	0.000	0.000	2.139	1.555	3.262	2.910	-4.770	6.051	-4.656	0.596	2V2n2V1n		
contig_1330	32178.000	phage	0.242	0.621	False	False	0.445	0.000	bacteria	0.000	14.000	1.000	0.000	-1.104	0.544	3.895	3.613	-3.775	6.906	-3.809	0.357	4V1n10V		
contig_133	53613.000	phage	0.324	0.676	False	False	0.612	0.000	bacteria	1.000	25.000	0.000	0.000	1.029	0.694	4.496	1.965	-5.328	3.549	-5.344	0.590	22V1n3V	ITR	16.000
contig_1336	23295.000	phage	0.587	0.761	False	False	0.629	0.000	bacteria	5.000	6.000	0.000	0.000	1.989	0.963	3.811	2.053	-6.340	2.996	-4.898	0.366	1n4V3n2V1n		
contig_1338	2648.000	phage	0.065	0.941	False	False	0.616	0.000	bacteria	0.000	1.000	0.000	0.000	0.898	0.000	5.762	0.000	-7.789	0.000	-4.566	0.000	1V		
contig_134	6006.000	phage	0.095	0.416	False	False	0.385	0.000	bacteria	0.000	2.000	0.000	0.000	-1.716	0.008	3.559	0.050	-2.633	0.000	-2.412	0.071	2V		
contig_1341	13145.000	phage	0.367	0.843	False	False	0.644	0.000	bacteria	1.000	5.000	0.000	0.000	1.965	1.689	4.785	1.036	-7.555	1.018	-5.293	0.685	3V1n2V		
contig_1342	17432.000	phage	0.428	0.851	False	False	0.643	0.000	bacteria	1.000	7.000	0.000	0.000	2.092	1.649	4.668	0.796	-7.488	1.578	-5.387	0.502	5V1n2V	DTR	13.000
contig_1346	3795.000	phage	0.001	0.941	False	False	0.507	0.000	bacteria	0.000	1.000	0.000	0.000	-2.990	0.000	6.805	0.000	-4.059	0.000	-4.605	0.000	1V		
contig_1355	4834.000	phage	0.226	0.650	False	False	0.460	0.000	bacteria	0.000	2.000	0.000	0.000	-0.229	0.517	4.414	2.311	-4.719	2.238	-4.258	0.018	2V		
contig_1360	15027.000	phage	0.469	0.641	True	False	0.416	0.000	bacteria	1.000	5.000	1.000	0.000	-0.036	0.775	3.203	3.289	-3.133	5.465	-3.246	0.453	5V2n		
contig_1361	6870.000	phage	0.009	0.967	False	False	0.467	0.000	bacteria	0.000	3.000	0.000	0.000	-0.935	0.400	6.914	0.687	-8.055	2.188	-5.668	2.506	3V		
contig_1362	2721.000	phage	0.162	0.737	False	False	0.540	0.000	bacteria	0.000	1.000	0.000	0.000	1.517	0.000	5.238	0.000	-5.570	0.000	-5.062	0.000	1V		
contig_1364	2495.000	phage	0.016	0.888	False	False	0.493	0.000	bacteria	0.000	1.000	0.000	0.000	-3.264	0.000	4.262	0.000	-3.393	0.000	-3.863	0.000	1V		
contig_1369	10506.000	phage	0.289	0.670	True	False	0.476	0.000	bacteria	0.000	4.000	1.000	0.000	-2.340	3.602	3.838	8.023	-3.023	15.656	-4.820	0.781	2V1n2V		
contig_1370	2943.000	phage	0.197	0.787	False	False	0.559	0.000	bacteria	0.000	1.000	0.000	0.000	0.530	0.000	4.031	0.000	-4.859	0.000	-3.920	0.000	1V		
contig_1374	34580.000	phage	0.292	0.736	False	False	0.450	0.000	bacteria	3.000	13.000	0.000	0.000	1.210	1.266	4.363	1.938	-6.059	4.047	-5.152	0.715	4V1n1V1n3V1n5V		
contig_1379	9923.000	phage	0.521	0.664	False	False	0.603	0.000	bacteria	0.000	4.000	0.000	0.000	0.893	0.387	3.328	0.572	-4.648	4.527	-3.977	0.222	4V		
contig_1378	32739.000	phage	0.453	0.526	False	False	0.480	0.000	bacteria	1.000	13.000	1.000	0.000	0.390	2.648	3.207	2.299	-3.285	5.840	-4.695	2.090	1V2n12V		
contig_1380	3640.000	phage	0.363	0.497	False	False	0.626	0.000	bacteria	0.000	1.000	0.000	0.000	0.408	0.000	3.088	0.000	-4.051	0.000	-3.814	0.000	1V		
contig_138	31528.000	phage	0.042	0.826	False	False	0.478	0.000	bacteria	0.000	15.000	0.000	0.000	-2.900	0.855	6.000	2.633	-4.375	3.686	-4.277	0.922	15V		
contig_1382	15559.000	phage	0.496	0.411	False	False	0.530	0.000	bacteria	3.000	4.000	0.000	0.000	1.959	0.969	3.234	2.408	-4.309	4.297	-5.539	1.144	2n3V1n1V		
contig_1383	5387.000	phage	0.180	0.354	False	False	0.525	0.000	bacteria	0.000	2.000	0.000	0.000	-1.155	2.818	3.488	0.102	-2.189	1.023	-5.723	0.240	2V		
contig_1385	22725.000	phage	0.446	0.580	True	False	0.524	0.000	bacteria	1.000	9.000	1.000	0.000	-0.613	3.615	3.010	5.641	-2.527	4.941	-3.531	0.644	1n7V1n2V		
contig_1388	12957.000	phage	0.373	0.640	False	False	0.613	0.000	bacteria	0.000	6.000	0.000	0.000	0.817	0.788	3.875	0.540	-5.016	2.508	-4.523	0.585	6V		
contig_1389	2382.000	phage	0.015	0.862	False	False	0.600	0.000	bacteria	0.000	1.000	0.000	0.000	-1.621	0.000	5.176	0.000	-4.766	0.000	-4.047	0.000	1V		
contig_139	26146.000	phage	0.209	0.754	False	False	0.466	0.000	bacteria	0.000	12.000	0.000	0.000	0.534	0.550	4.859	1.217	-5.090	2.602	-4.699	0.333	12V		
contig_1391	14845.000	phage	0.063	0.759	False	False	0.523	0.000	bacteria	0.000	7.000	0.000	0.000	-0.966	0.711	4.582	0.323	-4.105	1.747	-4.242	1.167	7V		
contig_1395	5709.000	phage	0.180	0.808	False	False	0.614	0.000	bacteria	0.000	2.000	0.000	0.000	0.955	0.284	5.258	1.063	-7.199	1.236	-5.020	0.098	2V		
contig_1393	38768.000	phage	0.334	0.620	True	False	0.458	0.000	bacteria	0.000	17.000	1.000	0.000	-1.340	1.728	3.625	4.156	-3.768	7.203	-4.090	1.739	8V1n9V	LTR_DTR	384.000
contig_1397	3934.000	phage	0.000	0.979	False	False	0.475	0.000	bacteria	0.000	1.000	0.000	0.000	-2.863	0.000	9.320	0.000	-7.344	0.000	-4.055	0.000	1V		
contig_1394	46587.000	phage	0.292	0.579	True	False	0.426	0.000	bacteria	0.000	19.000	3.000	0.000	-2.486	1.706	4.266	8.273	-2.643	8.742	-3.629	0.675	1V1n11V2n7V		
contig_1399	3456.000	phage	0.109	0.925	False	False	0.538	0.000	bacteria	0.000	1.000	0.000	0.000	0.595	0.000	4.824	0.000	-5.785	0.000	-5.801	0.000	1V		
contig_140	29706.000	phage	0.638	0.625	False	False	0.383	0.000	bacteria	3.000	11.000	0.000	0.000	1.478	1.372	3.393	2.246	-4.875	2.809	-3.701	1.680	2n3V1n8V		
contig_1406	2499.000	phage	0.407	0.711	False	False	0.343	0.000	bacteria	0.000	1.000	0.000	0.000	0.872	0.000	3.438	0.000	-5.871	0.000	-2.070	0.000	1V		
contig_1410	2351.000	phage	0.005	0.978	False	False	0.478	0.000	bacteria	0.000	1.000	0.000	0.000	-1.547	0.000	6.426	0.000	-6.395	0.000	-5.277	0.000	1V		
contig_1411	2881.000	phage	0.411	0.316	False	False	0.543	0.000	bacteria	0.000	1.000	0.000	0.000	0.647	0.000	3.119	0.000	-3.619	0.000	-4.848	0.000	1V		
contig_1416	17481.000	phage	0.360	0.803	False	False	0.585	0.000	bacteria	3.000	5.000	0.000	0.000	0.811	3.746	3.838	1.926	-6.074	3.936	-4.707	0.306	5V3n		
contig_1418	5117.000	phage	0.513	0.741	False	False	0.349	0.000	bacteria	0.000	2.000	0.000	0.000	1.309	0.402	3.562	0.221	-5.836	0.108	-3.604	0.354	2V		
contig_1419	5987.000	phage	0.216	0.707	False	False	0.242	0.000	bacteria	0.000	2.000	0.000	0.000	-0.348	0.435	4.484	2.512	-4.922	4.070	-3.559	0.583	2V		
contig_1421	8425.000	phage	0.342	0.665	False	False	0.426	0.000	bacteria	0.000	4.000	0.000	0.000	1.779	0.054	4.582	0.489	-5.727	0.727	-4.957	0.260	4V		
contig_1424	15363.000	phage	0.345	0.687	False	False	0.485	0.000	bacteria	1.000	6.000	0.000	0.000	0.872	0.602	3.695	2.420	-4.012	2.213	-4.293	0.623	1n6V		
contig_1434	4271.000	phage	0.051	0.420	False	False	0.523	0.000	bacteria	0.000	2.000	0.000	0.000	-1.296	1.301	4.660	0.150	-2.902	2.773	-5.375	0.080	2V		
contig_1436	3531.000	phage	0.042	0.665	False	False	0.444	0.000	archaea	0.000	1.000	0.000	0.000	-2.793	0.000	4.172	0.000	-2.986	0.000	-1.987	0.000	1V		
contig_1438	14529.000	phage	0.427	0.527	False	False	0.503	0.000	bacteria	1.000	6.000	0.000	0.000	-0.465	1.056	3.092	3.080	-3.730	7.359	-3.242	0.757	2V1n4V		
contig_1440	5680.000	phage	0.006	0.966	False	False	0.258	0.000	bacteria	0.000	2.000	0.000	0.000	-1.477	0.021	6.555	0.210	-7.500	0.011	-3.695	0.271	2V		
contig_1439	34481.000	phage	0.436	0.740	True	False	0.579	0.000	bacteria	7.000	9.000	0.000	0.000	1.470	1.398	3.205	3.641	-4.848	4.188	-4.570	0.392	1n7V2n1V1n1V3n		
contig_1447	7843.000	phage	0.606	0.568	False	False	0.251	0.000	bacteria	0.000	3.000	0.000	0.000	1.168	0.040	3.010	0.325	-5.000	0.669	-3.900	0.374	3V		
contig_1445	36714.000	phage	0.163	0.838	False	False	0.310	0.000	bacteria	1.000	16.000	0.000	0.000	0.100	0.998	4.641	1.370	-6.070	0.710	-3.818	0.476	8V1n8V	ITR	13.000
contig_145	3548.000	phage	0.214	0.696	False	False	0.405	0.000	bacteria	0.000	1.000	0.000	0.000	1.357	0.000	4.711	0.000	-6.980	0.000	-4.473	0.000	1V		
contig_1450	20125.000	phage	0.451	0.602	False	False	0.488	0.000	bacteria	1.000	8.000	0.000	0.000	1.012	0.840	3.611	1.945	-4.207	2.967	-3.326	0.504	1n8V		
contig_1452	2840.000	phage	0.014	0.944	False	False	0.447	0.000	bacteria	0.000	1.000	0.000	0.000	-2.119	0.000	5.129	0.000	-5.047	0.000	-2.756	0.000	1V		
contig_1454	9115.000	phage	0.342	0.765	False	False	0.720	0.000	bacteria	1.000	3.000	0.000	0.000	2.068	1.798	3.086	2.633	-5.344	0.400	-4.887	0.337	3V1n		
contig_1456	38967.000	phage	0.352	0.719	False	False	0.556	0.000	bacteria	1.000	18.000	0.000	0.000	0.876	0.839	4.070	2.537	-5.051	3.453	-5.105	0.555	10V1n8V	LTR_DTR	260.000
contig_146	3118.000	phage	0.708	0.440	False	False	0.341	0.000	bacteria	0.000	1.000	0.000	0.000	1.590	0.000	3.072	0.000	-4.426	0.000	-3.580	0.000	1V		
contig_1462	4669.000	phage	0.379	0.727	False	False	0.487	0.000	bacteria	0.000	2.000	0.000	0.000	0.772	1.738	4.250	0.580	-5.059	0.001	-5.273	0.438	2V		
contig_1465	3148.000	phage	0.030	0.937	False	False	0.520	0.000	bacteria	0.000	1.000	0.000	0.000	-0.229	0.000	5.609	0.000	-5.898	0.000	-4.281	0.000	1V		
contig_1467	14727.000	phage	0.486	0.629	False	False	0.495	0.000	bacteria	0.000	6.000	1.000	0.000	1.298	0.796	3.922	3.666	-4.715	6.902	-4.438	0.193	5V1n1V		
contig_1469	14375.000	phage	0.333	0.470	False	False	0.477	0.000	bacteria	0.000	7.000	0.000	0.000	0.744	0.857	3.980	0.573	-4.383	0.987	-4.801	0.820	7V		
contig_1471	2530.000	phage	0.008	0.921	False	False	0.501	0.000	bacteria	0.000	1.000	0.000	0.000	-1.848	0.000	5.883	0.000	-5.145	0.000	-3.059	0.000	1V		
contig_1472	30538.000	phage	0.424	0.385	False	False	0.330	0.000	bacteria	0.000	14.000	0.000	0.000	0.463	0.599	3.338	0.639	-4.125	3.037	-3.646	0.739	14V		
contig_1473	32864.000	phage	0.529	0.673	False	False	0.680	0.000	bacteria	2.000	14.000	0.000	0.000	2.098	0.679	3.766	0.959	-5.836	1.264	-5.379	0.563	7V1n7V1n	ITR	13.000
contig_1475	6511.000	phage	0.092	0.628	False	False	0.479	0.000	bacteria	0.000	3.000	0.000	0.000	-1.562	1.184	4.387	1.205	-3.643	1.375	-3.912	1.479	3V		
contig_1476	10101.000	phage	0.408	0.267	False	False	0.516	0.000	bacteria	0.000	4.000	0.000	0.000	0.698	0.257	3.477	0.290	-2.596	0.469	-4.598	0.144	4V		
contig_1479	16245.000	phage	0.441	0.746	False	False	0.662	0.000	bacteria	2.000	5.000	0.000	0.000	2.207	1.203	3.143	2.701	-6.684	1.148	-4.043	3.768	4V2n1V		
contig_148	2681.000	phage	0.663	0.434	False	False	0.364	0.000	bacteria	0.000	1.000	0.000	0.000	1.666	0.000	3.277	0.000	-4.504	0.000	-3.617	0.000	1V		
contig_1483	8111.000	phage	0.226	0.661	False	False	0.573	0.000	bacteria	0.000	3.000	0.000	0.000	0.735	0.207	4.250	0.176	-4.641	0.335	-4.449	0.068	3V		
contig_1482	36875.000	phage	0.280	0.728	False	False	0.312	0.000	bacteria	0.000	18.000	0.000	0.000	0.475	0.977	4.352	1.102	-6.250	0.942	-3.488	0.484	18V	ITR	13.000
contig_1488	20921.000	phage	0.060	0.867	False	False	0.396	0.000	bacteria	0.000	10.000	0.000	0.000	-1.363	0.277	5.137	1.538	-5.543	1.626	-2.715	0.249	10V		
contig_1489	2809.000	phage	0.581	0.871	False	False	0.389	0.000	bacteria	0.000	1.000	0.000	0.000	1.926	0.000	3.758	0.000	-6.543	0.000	-5.969	0.000	1V		
contig_149	3804.000	phage	0.073	0.742	False	False	0.329	0.000	bacteria	0.000	1.000	0.000	0.000	-0.033	0.000	4.766	0.000	-5.523	0.000	-3.209	0.000	1V		
contig_1491	21380.000	phage	0.482	0.709	False	False	0.395	0.000	bacteria	0.000	10.000	0.000	0.000	1.104	0.642	3.557	0.653	-5.066	3.592	-3.393	0.781	10V		
contig_1484	68203.000	phage	0.040	0.840	False	False	0.373	0.000	bacteria	0.000	33.000	0.000	0.000	-2.109	0.981	6.160	2.199	-6.340	2.025	-3.828	1.163	33V		
contig_1494	5875.000	phage	0.003	0.977	False	False	0.434	0.000	bacteria	0.000	2.000	0.000	0.000	-1.684	0.007	6.730	0.017	-7.066	0.486	-4.594	0.747	2V		
contig_1497	34801.000	phage	0.062	0.930	False	False	0.340	0.000	bacteria	0.000	16.000	0.000	0.000	-0.604	0.267	5.230	1.006	-6.441	1.233	-3.797	0.600	16V		
contig_1498	28843.000	phage	0.116	0.857	False	False	0.487	0.000	bacteria	0.000	14.000	0.000	0.000	0.131	0.201	5.480	1.676	-6.410	3.732	-4.516	0.245	14V		
contig_15	2787.000	phage	0.064	0.710	False	False	0.453	0.000	bacteria	0.000	1.000	0.000	0.000	-1.151	0.000	4.094	0.000	-3.525	0.000	-2.832	0.000	1V		
contig_1499	27661.000	phage	0.522	0.542	False	False	0.295	0.000	bacteria	2.000	11.000	0.000	0.000	0.776	0.906	3.184	1.193	-4.785	3.338	-2.986	1.362	5V1n2V1n4V		
contig_1501	19883.000	phage	0.238	0.670	True	False	0.318	0.000	bacteria	0.000	8.000	1.000	0.000	-2.594	0.994	4.906	6.289	-4.305	8.445	-3.738	0.274	1V1n7V	DTR	14.000
contig_1504	10529.000	phage	0.040	0.914	False	False	0.276	0.000	bacteria	0.000	5.000	0.000	0.000	-1.023	0.306	4.883	0.125	-5.570	0.472	-3.990	0.229	5V		
contig_1509	15231.000	phage	0.365	0.744	False	False	0.310	0.000	bacteria	0.000	7.000	0.000	0.000	-0.376	1.185	3.557	1.266	-4.734	2.871	-3.471	3.168	7V		
contig_1510	11229.000	phage	0.107	0.778	False	False	0.527	0.000	bacteria	0.000	5.000	0.000	0.000	0.175	0.106	4.535	0.162	-5.266	0.984	-4.617	0.131	5V		
contig_1515	8518.000	phage	0.410	0.660	False	False	0.553	0.000	bacteria	0.000	4.000	0.000	0.000	0.761	0.728	4.352	2.600	-5.051	5.547	-3.887	0.096	4V		
contig_1518	10929.000	phage	0.601	0.747	False	False	0.645	0.000	bacteria	1.000	4.000	0.000	0.000	2.135	0.629	3.604	1.650	-6.109	2.416	-4.867	0.944	4V1n		
contig_1519	39859.000	phage	0.392	0.408	False	False	0.341	0.000	bacteria	0.000	18.000	1.000	0.000	-1.312	0.984	3.490	2.707	-2.645	4.148	-2.719	2.027	2V1n16V		
contig_152	30797.000	phage	0.204	0.770	False	False	0.417	0.000	bacteria	0.000	15.000	0.000	0.000	0.307	0.375	4.828	2.043	-5.605	3.732	-4.508	0.641	15V		
contig_1521	2365.000	phage	0.004	0.951	False	False	0.441	0.000	bacteria	0.000	1.000	0.000	0.000	-1.674	0.000	6.621	0.000	-6.180	0.000	-3.791	0.000	1V		
contig_1523	6843.000	phage	0.311	0.599	False	False	0.286	0.000	bacteria	0.000	3.000	0.000	0.000	0.870	0.077	3.932	0.600	-7.133	1.334	-3.164	1.150	3V		
contig_1524	2339.000	phage	0.422	0.467	False	False	0.254	0.000	bacteria	0.000	1.000	0.000	0.000	1.371	0.000	3.775	0.000	-6.160	0.000	-3.219	0.000	1V		
contig_1527	5651.000	phage	0.565	0.529	False	False	0.259	0.000	bacteria	0.000	2.000	0.000	0.000	1.601	1.044	3.748	0.988	-6.242	0.001	-3.383	0.110	2V		
contig_1525	28216.000	phage	0.304	0.608	True	False	0.368	0.000	bacteria	0.000	12.000	1.000	0.000	-1.453	1.127	3.920	5.324	-4.570	5.832	-2.090	1.650	5V1n7V		
contig_1532	7116.000	phage	0.420	0.756	False	False	0.620	0.000	bacteria	0.000	3.000	0.000	0.000	1.508	0.453	4.266	0.677	-5.297	0.178	-4.094	0.427	3V		
contig_1535	2652.000	phage	0.058	0.790	False	False	0.683	0.000	bacteria	0.000	1.000	0.000	0.000	-0.235	0.000	4.832	0.000	-5.371	0.000	-3.664	0.000	1V		
contig_1537	6515.000	phage	0.571	0.663	False	False	0.692	0.000	bacteria	0.000	3.000	0.000	0.000	1.456	0.309	3.441	0.393	-5.680	2.926	-4.402	1.307	3V		
contig_1539	35193.000	phage	0.098	0.860	False	False	0.430	0.000	bacteria	0.000	17.000	0.000	0.000	0.344	0.088	5.105	0.781	-6.418	1.609	-4.238	0.848	17V		
contig_1542	31735.000	phage	0.054	0.926	False	False	0.307	0.000	bacteria	0.000	15.000	0.000	0.000	-0.775	0.670	5.641	0.808	-6.758	1.179	-3.783	0.239	15V	ITR	13.000
contig_1543	33118.000	phage	0.125	0.864	False	False	0.298	0.000	bacteria	1.000	15.000	0.000	0.000	0.233	1.072	5.223	1.292	-7.066	0.736	-4.156	0.340	10V1n5V		
contig_1545	41551.000	phage	0.554	0.676	False	False	0.604	0.000	bacteria	4.000	16.000	0.000	0.000	1.387	1.884	3.498	2.596	-4.641	4.875	-4.199	0.525	1n16V3n	DTR	13.000
contig_1546	38963.000	phage	0.326	0.661	False	False	0.545	0.000	bacteria	2.000	17.000	0.000	0.000	1.188	0.935	4.609	2.660	-5.879	4.672	-4.695	0.466	11V1n1V1n5V		
contig_1547	35347.000	phage	0.298	0.747	False	False	0.336	0.000	bacteria	0.000	17.000	0.000	0.000	0.201	0.662	4.000	1.121	-5.605	1.099	-2.814	1.413	17V		
contig_1549	40575.000	phage	0.478	0.691	False	False	0.572	0.000	bacteria	7.000	12.000	0.000	0.000	1.764	1.507	3.396	2.494	-4.980	6.832	-4.539	1.588	7V2n1V1n1V1n3V3n		
contig_1550	35720.000	phage	0.391	0.532	False	False	0.393	0.000	bacteria	0.000	16.000	1.000	0.000	0.437	0.339	3.629	1.435	-4.008	3.975	-3.854	0.735	5V1n11V		
contig_1556	6539.000	phage	0.287	0.572	False	False	0.426	0.000	bacteria	0.000	3.000	0.000	0.000	-0.026	0.125	3.506	0.751	-3.865	0.900	-3.264	0.369	3V		
contig_1554	36349.000	phage	0.225	0.744	False	False	0.389	0.000	bacteria	0.000	17.000	0.000	0.000	-0.259	0.527	3.902	0.721	-4.379	1.524	-2.947	1.235	17V		
contig_1555	36429.000	phage	0.189	0.792	False	False	0.297	0.000	bacteria	0.000	17.000	0.000	0.000	0.179	0.221	4.328	0.654	-5.926	0.625	-3.268	1.138	17V		
contig_1557	5365.000	phage	0.349	0.722	False	False	0.586	0.000	bacteria	0.000	2.000	0.000	0.000	1.562	0.004	4.262	0.087	-6.895	1.423	-5.262	1.384	2V		
contig_1559	10989.000	phage	0.178	0.761	False	False	0.578	0.000	bacteria	0.000	5.000	0.000	0.000	0.087	0.830	4.129	0.253	-5.840	0.208	-2.807	1.812	5V	ITR	13.000
contig_1558	29951.000	phage	0.046	0.871	False	False	0.344	0.000	bacteria	0.000	14.000	0.000	0.000	-0.282	0.378	5.398	0.447	-6.410	0.891	-3.906	0.663	14V		
contig_1560	5911.000	phage	0.737	0.465	False	False	0.374	0.000	bacteria	0.000	2.000	0.000	0.000	1.707	0.155	3.078	0.000	-4.371	0.013	-3.943	0.107	2V		
contig_16	26548.000	phage	0.081	0.686	False	False	0.482	0.000	bacteria	0.000	12.000	0.000	0.000	-1.851	0.826	5.203	2.430	-4.406	4.453	-4.621	1.013	12V		
contig_165	2769.000	phage	0.457	0.363	False	False	0.428	0.000	bacteria	0.000	1.000	0.000	0.000	1.231	0.000	3.529	0.000	-4.059	0.000	-3.375	0.000	1V		
contig_168	26659.000	phage	0.406	0.661	True	False	0.475	0.000	bacteria	1.000	11.000	1.000	0.000	-1.139	1.708	3.102	3.172	-2.980	7.332	-2.898	1.727	2V1n1V1n8V		
contig_169	16030.000	phage	0.262	0.657	False	False	0.484	0.000	bacteria	0.000	7.000	0.000	0.000	0.458	0.852	4.594	1.318	-5.145	1.811	-4.191	0.496	7V		
contig_17	3234.000	phage	0.009	0.953	False	False	0.479	0.000	bacteria	0.000	1.000	0.000	0.000	-1.886	0.000	5.730	0.000	-5.918	0.000	-2.969	0.000	1V		
contig_170	9363.000	phage	0.345	0.534	False	False	0.496	0.000	bacteria	0.000	4.000	0.000	0.000	0.570	2.078	4.445	2.074	-5.062	2.240	-4.422	0.385	4V		
contig_173	7718.000	phage	0.086	0.842	False	False	0.307	0.000	bacteria	0.000	3.000	0.000	0.000	-0.259	0.044	4.555	0.294	-5.336	0.566	-3.814	0.447	3V		
contig_18	17994.000	phage	0.387	0.671	False	False	0.498	0.000	bacteria	2.000	6.000	0.000	0.000	1.412	2.125	3.939	1.582	-4.617	1.734	-4.707	0.794	3V2n3V		
contig_186	21189.000	phage	0.564	0.701	False	False	0.431	0.000	bacteria	1.000	9.000	0.000	0.000	1.844	0.854	4.004	2.279	-5.520	5.758	-4.773	0.562	3V1n6V		
contig_188	13826.000	phage	0.524	0.665	False	False	0.435	0.000	bacteria	1.000	5.000	0.000	0.000	1.849	1.078	3.893	0.370	-6.332	3.389	-4.555	0.534	2V1n3V		
contig_184	58762.000	phage	0.424	0.712	False	False	0.442	0.000	bacteria	4.000	24.000	0.000	0.000	1.618	1.396	4.113	2.295	-5.355	5.090	-4.992	0.436	8V1n7V1n2V2n7V		
contig_189	34390.000	phage	0.620	0.681	False	False	0.430	0.000	bacteria	6.000	10.000	0.000	0.000	2.285	1.650	3.402	1.531	-5.266	6.148	-4.887	1.537	1n1V1n2V2n2V2n5V		
contig_192	8032.000	phage	0.057	0.935	False	False	0.409	0.000	bacteria	0.000	3.000	0.000	0.000	0.269	0.525	5.594	0.325	-7.082	1.635	-4.695	0.430	3V		
contig_197	7652.000	phage	0.406	0.638	False	False	0.535	0.000	bacteria	0.000	3.000	0.000	0.000	0.597	0.315	3.697	1.425	-3.879	5.070	-5.309	0.089	3V		
contig_198	4994.000	phage	0.051	0.593	False	False	0.344	0.000	bacteria	0.000	2.000	0.000	0.000	-1.096	0.011	4.652	0.477	-6.383	1.185	-2.723	0.362	2V		
contig_2	7614.000	phage	0.354	0.737	False	False	0.661	0.000	bacteria	1.000	2.000	0.000	0.000	1.799	0.623	3.359	2.797	-5.699	0.735	-3.969	1.927	1n2V		
contig_20	10453.000	phage	0.069	0.877	False	False	0.305	0.000	bacteria	0.000	5.000	0.000	0.000	-0.631	0.434	4.973	0.791	-6.684	1.126	-3.414	2.094	5V		
contig_202	16673.000	phage	0.256	0.816	False	False	0.368	0.000	bacteria	0.000	7.000	0.000	1.000	-0.923	0.699	4.367	3.430	-4.879	4.832	-2.703	2.951	1n7V		
contig_203	3778.000	phage	0.081	0.924	False	False	0.384	0.000	bacteria	0.000	1.000	0.000	0.000	0.000	0.000	4.633	0.000	-4.957	0.000	-4.496	0.000	1V		
contig_204	6133.000	phage	0.090	0.781	False	False	0.401	0.000	bacteria	0.000	2.000	0.000	0.000	-0.001	0.010	4.535	0.019	-5.000	0.113	-4.062	0.010	2V		
contig_207	19172.000	phage	0.274	0.674	False	False	0.503	0.000	bacteria	2.000	7.000	0.000	0.000	0.422	2.945	3.387	1.933	-3.760	3.309	-4.523	1.058	1V2n6V		
contig_208	6946.000	phage	0.538	0.519	True	False	0.559	0.000	bacteria	0.000	3.000	0.000	0.000	-0.488	1.104	3.754	5.258	-2.732	3.635	-4.793	0.293	3V		
contig_209	11202.000	phage	0.199	0.760	False	False	0.367	0.000	bacteria	0.000	5.000	0.000	0.000	0.607	0.439	4.438	0.401	-5.422	1.127	-3.990	0.153	5V		
contig_214	5905.000	phage	0.038	0.892	False	False	0.298	0.000	bacteria	0.000	2.000	0.000	0.000	-1.012	0.756	5.207	0.259	-5.840	0.019	-3.859	0.035	2V		
contig_213	36935.000	phage	0.396	0.376	True	False	0.428	0.000	bacteria	0.000	16.000	2.000	0.000	-0.679	2.209	3.006	3.072	-2.346	7.273	-4.562	0.811	9V1n1V1n6V		
contig_218	2069.000	phage	0.979	0.655	False	False	0.633	0.000	bacteria	0.000	1.000	0.000	0.000	2.682	0.000	3.066	0.000	-5.820	0.000	-4.488	0.000	1V		
contig_200	109562.000	phage	0.068	0.754	True	False	0.409	0.000	bacteria	0.000	50.000	3.000	0.000	-2.811	0.856	4.859	4.992	-4.379	8.109	-3.330	1.268	34V1n11V1n3V1n2V	DTR	13.000
contig_219	3090.000	phage	0.228	0.507	False	False	0.597	0.000	bacteria	0.000	1.000	0.000	0.000	0.958	0.000	4.258	0.000	-4.094	0.000	-3.906	0.000	1V		
contig_222	13066.000	phage	0.053	0.818	False	False	0.435	0.000	bacteria	0.000	6.000	0.000	0.000	-2.742	0.575	5.801	3.686	-4.164	3.441	-4.898	0.677	6V	DTR	13.000
contig_226	4565.000	phage	0.178	0.562	False	False	0.447	0.000	archaea	0.000	2.000	0.000	0.000	-2.982	1.629	3.586	0.426	-3.406	2.389	-1.424	4.699	2V		
contig_23	32783.000	phage	0.362	0.564	False	False	0.354	0.000	bacteria	0.000	15.000	1.000	0.000	-0.382	1.040	3.461	1.583	-3.928	3.660	-3.086	1.111	15V1n		
contig_24	25396.000	phage	0.203	0.755	False	False	0.326	0.000	bacteria	0.000	12.000	0.000	0.000	-0.492	0.639	4.074	1.294	-5.020	3.199	-3.113	0.569	12V		
contig_246	31026.000	phage	0.355	0.678	False	False	0.297	0.000	bacteria	3.000	12.000	0.000	0.000	0.928	1.894	3.613	2.908	-5.520	1.436	-3.330	2.131	5V2n4V1n3V	ITR	13.000
contig_252	5217.000	phage	0.001	0.991	False	False	0.481	0.000	bacteria	0.000	2.000	0.000	0.000	-2.576	0.178	7.555	0.755	-7.398	0.400	-4.434	0.000	2V		
contig_253	14598.000	phage	0.226	0.642	False	False	0.485	0.000	bacteria	1.000	6.000	0.000	0.000	0.747	1.388	4.191	1.666	-4.234	4.281	-3.938	0.610	2V1n4V		
contig_254	9318.000	phage	0.532	0.679	False	False	0.651	0.000	bacteria	0.000	4.000	0.000	0.000	2.572	0.108	4.621	0.289	-6.426	0.730	-5.520	0.135	4V		
contig_257	14699.000	phage	0.411	0.574	True	False	0.520	0.000	bacteria	1.000	5.000	1.000	0.000	1.357	3.230	3.193	3.838	-4.375	8.445	-5.520	0.208	1n4V1n1V		
contig_260	39070.000	phage	0.438	0.683	True	False	0.366	0.000	bacteria	2.000	16.000	1.000	0.000	0.512	0.900	3.463	3.512	-4.574	5.824	-3.197	1.031	1V1n14V2n1V	ITR	14.000
contig_265	14074.000	phage	0.483	0.642	False	False	0.486	0.000	bacteria	2.000	4.000	0.000	0.000	2.002	1.098	4.160	0.920	-6.480	0.513	-3.580	1.052	1n2V1n2V		
contig_270	10582.000	phage	0.347	0.661	True	False	0.280	0.000	bacteria	0.000	4.000	0.000	1.000	-0.560	0.093	3.211	4.848	-4.129	6.219	-2.086	3.514	1n4V	DTR	15.000
contig_268	30576.000	phage	0.533	0.498	False	False	0.286	0.000	bacteria	0.000	14.000	0.000	0.000	0.168	0.835	3.166	1.275	-4.164	3.955	-2.338	1.309	14V		
contig_274	13946.000	phage	0.482	0.508	False	False	0.327	0.000	bacteria	0.000	6.000	0.000	0.000	0.301	0.379	3.111	0.878	-4.484	1.840	-2.451	1.626	6V		
contig_271	35503.000	phage	0.350	0.695	False	False	0.300	0.000	bacteria	1.000	16.000	0.000	0.000	-0.029	0.642	3.605	2.023	-4.996	1.792	-2.443	1.556	10V1n6V	DTR	13.000
contig_281	5354.000	phage	0.109	0.578	False	False	0.563	0.000	bacteria	0.000	2.000	0.000	0.000	-1.324	0.736	4.516	1.336	-2.955	2.025	-5.250	1.631	2V		
contig_283	13311.000	phage	0.420	0.560	True	False	0.575	0.000	bacteria	0.000	5.000	0.000	1.000	-0.458	0.937	3.092	5.445	-3.125	3.119	-2.746	3.125	5V1n		
contig_284	24436.000	phage	0.438	0.402	False	False	0.433	0.000	bacteria	1.000	10.000	0.000	0.000	-0.619	1.176	3.127	1.525	-2.168	3.229	-3.312	1.102	2V1n8V		
contig_285	29409.000	phage	0.167	0.681	False	False	0.476	0.000	bacteria	0.000	14.000	0.000	0.000	-1.577	1.794	4.750	3.244	-4.270	4.855	-4.098	0.635	14V		
contig_286	14288.000	phage	0.688	0.659	True	False	0.576	0.000	bacteria	1.000	4.000	1.000	0.000	0.700	0.462	3.105	6.438	-3.225	8.758	-4.848	0.741	1V1n2V1n1V		
contig_292	15361.000	phage	0.135	0.731	False	False	0.495	0.000	bacteria	0.000	6.000	1.000	0.000	-2.730	0.744	5.008	4.918	-2.990	4.996	-4.758	0.698	2V1n4V		
contig_298	24522.000	phage	0.377	0.551	True	False	0.461	0.000	eukarya	0.000	9.000	2.000	0.000	-2.260	1.884	3.260	5.719	-2.176	5.418	-4.559	0.458	4V1n4V1n1V		
contig_299	4634.000	phage	0.178	0.483	False	False	0.481	0.000	bacteria	0.000	2.000	0.000	0.000	-0.890	3.369	3.877	0.018	-3.512	0.020	-3.848	0.272	2V		
contig_302	13036.000	phage	0.419	0.532	False	False	0.440	0.000	bacteria	1.000	5.000	0.000	0.000	0.877	4.797	3.463	1.753	-4.402	6.930	-3.992	0.675	1n5V		
contig_305	12285.000	phage	0.476	0.723	False	False	0.586	0.000	bacteria	0.000	5.000	0.000	0.000	1.395	0.436	3.814	0.683	-5.875	2.920	-5.508	0.424	5V		
contig_306	3484.000	phage	0.066	0.943	False	False	0.604	0.000	bacteria	0.000	1.000	0.000	0.000	0.595	0.000	5.465	0.000	-6.086	0.000	-4.434	0.000	1V		
contig_308	29995.000	phage	0.515	0.733	True	False	0.613	0.000	bacteria	4.000	10.000	0.000	0.000	1.512	1.507	3.498	4.984	-5.227	5.398	-4.883	0.647	3V1n4V1n3V2n		
contig_312	3447.000	phage	0.612	0.549	False	False	0.594	0.000	bacteria	0.000	1.000	0.000	0.000	1.456	0.000	3.217	0.000	-3.896	0.000	-5.164	0.000	1V		
contig_328	4180.000	phage	0.494	0.674	False	False	0.490	0.000	bacteria	0.000	2.000	0.000	0.000	0.921	0.919	3.596	0.833	-4.758	0.105	-4.430	0.190	2V		
contig_327	28676.000	phage	0.160	0.617	False	False	0.475	0.000	bacteria	0.000	14.000	0.000	0.000	-1.365	1.586	4.875	2.340	-4.348	4.996	-4.754	0.898	14V		
contig_330	3759.000	phage	0.020	0.990	False	False	0.504	0.000	bacteria	0.000	1.000	0.000	0.000	-0.570	0.000	5.727	0.000	-7.094	0.000	-5.535	0.000	1V		
contig_332	3247.000	phage	0.236	0.644	False	False	0.476	0.000	bacteria	0.000	1.000	0.000	0.000	0.150	0.000	3.432	0.000	-3.635	0.000	-5.453	0.000	1V		
contig_333	3191.000	phage	0.009	0.954	False	False	0.470	0.000	bacteria	0.000	1.000	0.000	0.000	-1.487	0.000	5.797	0.000	-4.844	0.000	-5.875	0.000	1V		
contig_335	2795.000	phage	0.026	0.990	False	False	0.442	0.000	bacteria	0.000	1.000	0.000	0.000	-0.128	0.000	5.824	0.000	-7.488	0.000	-5.230	0.000	1V		
contig_336	2588.000	phage	0.188	0.586	False	False	0.432	0.000	bacteria	0.000	1.000	0.000	0.000	0.058	0.000	3.664	0.000	-4.031	0.000	-3.979	0.000	1V		
contig_343	15154.000	phage	0.461	0.711	False	False	0.656	0.000	bacteria	1.000	6.000	0.000	0.000	1.948	0.614	3.641	1.424	-5.969	1.664	-5.789	0.756	2V1n4V		
contig_342	33547.000	phage	0.508	0.494	False	False	0.323	0.000	bacteria	0.000	15.000	1.000	0.000	0.411	0.449	3.275	1.788	-4.047	3.844	-3.617	0.385	7V1n8V		
contig_344	28726.000	phage	0.555	0.567	False	False	0.501	0.000	bacteria	3.000	10.000	0.000	1.000	1.410	2.588	4.066	2.422	-6.684	6.375	-3.346	4.832	7V3n2V1n1V	DTR	13.000
contig_347	8386.000	phage	0.777	0.766	False	False	0.678	0.000	bacteria	2.000	2.000	0.000	0.000	2.936	0.198	3.518	1.182	-6.949	3.201	-5.516	0.579	1V2n1V		
contig_348	7144.000	phage	0.662	0.536	False	False	0.653	0.000	bacteria	1.000	2.000	0.000	0.000	2.715	0.842	3.375	0.387	-5.324	0.037	-5.059	0.164	1n2V		
contig_352	11774.000	phage	0.257	0.683	False	False	0.343	0.000	bacteria	0.000	5.000	0.000	0.000	-0.437	0.333	3.377	0.829	-4.602	0.997	-2.404	0.969	5V		
contig_356	3425.000	phage	0.001	0.932	False	False	0.541	0.000	bacteria	0.000	1.000	0.000	0.000	-2.277	0.000	7.762	0.000	-5.676	0.000	-4.262	0.000	1V		
contig_373	10204.000	phage	0.281	0.750	False	False	0.456	0.000	bacteria	0.000	4.000	0.000	0.000	-0.363	3.451	4.191	0.665	-4.617	0.128	-3.896	0.573	4V		
contig_382	36833.000	phage	0.370	0.692	False	False	0.310	0.000	bacteria	0.000	17.000	0.000	0.000	0.475	0.592	3.729	1.318	-5.090	1.900	-3.424	0.834	17V		
contig_385	11302.000	phage	0.432	0.517	False	False	0.584	0.000	bacteria	0.000	5.000	0.000	0.000	0.706	1.241	3.566	0.434	-3.066	1.894	-4.297	0.482	5V		
contig_388	15332.000	phage	0.394	0.587	False	False	0.529	0.000	bacteria	1.000	6.000	0.000	0.000	1.577	1.656	4.227	2.029	-5.160	1.562	-5.289	0.441	4V1n2V		
contig_389	12304.000	phage	0.151	0.574	False	False	0.434	0.000	bacteria	0.000	6.000	0.000	0.000	-1.685	2.295	3.910	1.377	-2.855	2.150	-3.697	0.726	6V		
contig_383	62193.000	phage	0.597	0.578	False	False	0.575	0.000	bacteria	6.000	24.000	0.000	0.000	0.983	1.474	3.248	2.025	-3.598	5.082	-3.846	0.719	1n1V1n5V1n3V2n3V1n12V		
contig_392	9872.000	phage	0.047	0.802	False	False	0.350	0.000	bacteria	0.000	4.000	0.000	0.000	-1.722	2.059	5.246	0.803	-5.543	2.406	-3.303	0.087	4V		
contig_395	15216.000	phage	0.228	0.729	False	False	0.458	0.000	bacteria	0.000	7.000	0.000	0.000	-1.558	1.588	4.328	2.951	-4.371	2.051	-3.336	3.193	7V		
contig_399	10318.000	phage	0.111	0.791	False	False	0.343	0.000	bacteria	0.000	5.000	0.000	0.000	-0.357	0.642	4.449	0.418	-5.949	1.101	-3.398	1.349	5V		
contig_400	15595.000	phage	0.449	0.523	False	False	0.505	0.000	bacteria	1.000	6.000	0.000	0.000	1.265	0.804	3.916	1.254	-4.832	0.851	-5.742	0.431	1V1n5V		
contig_404	4650.000	phage	0.402	0.598	False	False	0.330	0.000	bacteria	0.000	2.000	0.000	0.000	0.603	0.079	3.182	0.101	-4.051	0.109	-4.566	0.524	2V		
contig_411	2377.000	phage	0.084	0.861	False	False	0.476	0.000	bacteria	0.000	1.000	0.000	0.000	0.740	0.000	5.301	0.000	-6.062	0.000	-4.117	0.000	1V		
contig_415	6419.000	phage	0.625	0.610	False	False	0.601	0.000	bacteria	0.000	3.000	0.000	0.000	1.494	0.686	3.264	0.618	-5.160	0.558	-4.469	0.216	3V		
contig_413	33462.000	phage	0.311	0.729	False	False	0.389	0.000	bacteria	2.000	14.000	0.000	0.000	0.060	2.627	4.504	3.059	-5.156	3.984	-4.270	2.449	1n6V1n8V		
contig_416	25060.000	phage	0.330	0.600	False	False	0.458	0.000	bacteria	0.000	12.000	0.000	0.000	0.589	0.988	4.461	1.693	-4.500	1.763	-4.164	0.895	12V		
contig_417	11917.000	phage	0.423	0.484	False	False	0.356	0.000	bacteria	0.000	5.000	0.000	0.000	-0.649	1.018	3.127	1.115	-2.822	3.828	-3.125	3.203	5V		
contig_419	2650.000	phage	0.184	0.839	False	False	0.331	0.000	bacteria	0.000	1.000	0.000	0.000	-0.116	0.000	3.518	0.000	-4.949	0.000	-3.625	0.000	1V		
contig_420	9728.000	phage	0.055	0.707	False	False	0.469	0.000	bacteria	0.000	4.000	0.000	0.000	-1.944	1.856	5.258	1.423	-4.520	5.129	-4.762	0.278	4V		
contig_425	18912.000	phage	0.377	0.547	False	False	0.306	0.000	bacteria	0.000	8.000	0.000	1.000	-0.577	0.605	3.250	3.160	-3.729	4.430	-2.373	2.074	6V1n2V		
contig_424	42208.000	phage	0.188	0.823	False	False	0.393	0.000	bacteria	0.000	20.000	0.000	0.000	0.152	1.150	4.914	1.443	-5.977	1.499	-4.410	0.871	20V		
contig_429	10268.000	phage	0.405	0.515	False	False	0.346	0.000	bacteria	0.000	5.000	0.000	0.000	0.758	0.351	3.523	0.714	-4.645	1.101	-4.141	0.179	5V		
contig_436	6617.000	phage	0.141	0.699	False	False	0.337	0.000	bacteria	0.000	3.000	0.000	0.000	-0.936	0.032	4.480	1.696	-5.051	5.527	-2.887	0.772	3V		
contig_438	14136.000	phage	0.508	0.456	False	False	0.504	0.000	bacteria	1.000	5.000	0.000	0.000	1.010	2.463	3.086	1.310	-3.496	4.539	-4.691	0.737	3V1n2V		
contig_434	56443.000	phage	0.271	0.718	False	False	0.344	0.000	bacteria	0.000	26.000	1.000	0.000	-1.164	0.690	3.957	2.137	-4.375	4.355	-2.402	1.568	8V1n18V	ITR	15.000
contig_440	2672.000	phage	0.215	0.286	False	False	0.400	0.000	bacteria	0.000	1.000	0.000	0.000	-0.628	0.000	3.086	0.000	-2.504	0.000	-3.193	0.000	1V		
contig_442	11556.000	phage	0.049	0.913	False	False	0.512	0.000	bacteria	0.000	5.000	0.000	0.000	-0.125	0.592	5.344	0.169	-6.375	1.329	-4.195	0.517	5V		
contig_443	19928.000	phage	0.534	0.570	False	False	0.474	0.000	bacteria	1.000	8.000	0.000	0.000	0.940	0.902	3.562	1.533	-3.643	3.119	-3.723	0.692	1V1n7V		
contig_448	2389.000	phage	0.063	0.940	False	False	0.597	0.000	bacteria	0.000	1.000	0.000	0.000	0.521	0.000	5.430	0.000	-6.445	0.000	-4.367	0.000	1V		
contig_463	9572.000	phage	0.076	0.351	False	False	0.463	0.000	eukarya	0.000	4.000	0.000	0.000	-2.422	0.255	4.637	1.660	-2.045	1.667	-4.781	0.964	4V		
contig_472	3208.000	phage	0.065	0.825	False	False	0.459	0.000	bacteria	0.000	1.000	0.000	0.000	-0.191	0.000	4.711	0.000	-4.414	0.000	-5.305	0.000	1V		
contig_480	17259.000	phage	0.387	0.606	False	False	0.407	0.000	bacteria	0.000	8.000	0.000	0.000	1.487	0.473	4.211	0.544	-5.520	0.568	-5.371	0.372	8V		
contig_473	39757.000	phage	0.451	0.646	False	False	0.427	0.000	bacteria	0.000	18.000	1.000	0.000	1.201	1.658	4.125	1.688	-5.176	4.742	-5.270	0.862	13V1n5V		
contig_481	19750.000	phage	0.387	0.539	True	False	0.460	0.000	bacteria	0.000	6.000	3.000	0.000	-1.833	2.395	3.053	6.758	-1.931	8.203	-3.943	1.879	5V1n1V2n		
contig_482	2339.000	phage	0.055	0.320	False	False	0.461	0.000	bacteria	0.000	1.000	0.000	0.000	-1.387	0.000	4.270	0.000	-2.227	0.000	-3.406	0.000	1V		
contig_485	11207.000	phage	0.323	0.569	False	False	0.508	0.000	bacteria	0.000	5.000	0.000	0.000	0.504	1.002	3.873	0.437	-5.078	1.611	-4.730	0.397	5V		
contig_489	4881.000	phage	0.071	0.733	False	False	0.509	0.000	bacteria	0.000	2.000	0.000	0.000	-0.122	0.098	5.172	1.760	-5.613	6.871	-4.340	0.397	2V		
contig_491	17903.000	phage	0.521	0.846	False	False	0.610	0.000	bacteria	3.000	5.000	0.000	0.000	2.578	1.980	3.547	2.139	-6.230	0.994	-5.098	0.465	2V1n2V2n1V		
contig_50	7708.000	phage	0.425	0.345	False	False	0.511	0.000	bacteria	0.000	3.000	0.000	0.000	0.627	0.889	3.457	0.210	-2.887	1.126	-3.852	0.141	3V		
contig_500	2260.000	phage	0.267	0.455	False	False	0.354	0.000	bacteria	0.000	1.000	0.000	0.000	0.450	0.000	3.527	0.000	-4.902	0.000	-4.508	0.000	1V	ITR	398.000
contig_505	4351.000	phage	0.078	0.880	False	False	0.570	0.000	bacteria	0.000	2.000	0.000	0.000	0.127	0.223	5.148	0.281	-5.539	0.137	-4.309	0.010	2V		
contig_508	11642.000	phage	0.561	0.595	False	False	0.517	0.000	bacteria	1.000	4.000	0.000	0.000	2.203	1.510	4.055	0.627	-5.590	0.166	-5.430	0.426	2V1n2V		
contig_510	2613.000	phage	0.148	0.639	False	False	0.380	0.000	bacteria	0.000	1.000	0.000	0.000	0.128	0.000	4.113	0.000	-5.422	0.000	-2.418	0.000	1V		
contig_511	34032.000	phage	0.160	0.792	False	False	0.418	0.000	bacteria	0.000	16.000	0.000	0.000	0.420	0.770	5.199	1.424	-6.484	2.676	-4.074	0.577	16V		
contig_515	25675.000	phage	0.624	0.597	False	False	0.478	0.000	bacteria	1.000	11.000	0.000	0.000	1.391	1.221	3.590	2.334	-4.363	5.422	-4.801	0.289	1V1n10V		
contig_518	2630.000	phage	0.014	0.961	False	False	0.456	0.000	bacteria	0.000	1.000	0.000	0.000	-1.223	0.000	5.551	0.000	-6.176	0.000	-4.004	0.000	1V		
contig_52	3310.000	phage	0.090	0.919	False	False	0.509	0.000	bacteria	0.000	1.000	0.000	0.000	0.498	0.000	4.969	0.000	-5.715	0.000	-5.090	0.000	1V		
contig_519	40515.000	phage	0.324	0.519	True	False	0.455	0.000	bacteria	2.000	17.000	0.000	0.000	-1.721	3.822	3.943	4.340	-2.473	4.441	-4.605	0.629	2n17V		
contig_529	7042.000	phage	0.503	0.529	False	False	0.287	0.000	bacteria	0.000	3.000	0.000	0.000	0.561	0.564	3.404	1.345	-4.047	2.299	-3.123	0.592	3V		
contig_53	4292.000	phage	0.537	0.597	False	False	0.517	0.000	bacteria	1.000	1.000	0.000	0.000	1.280	3.000	3.660	0.584	-4.184	0.160	-4.496	0.470	1V1n		
contig_531	35272.000	phage	0.432	0.594	False	False	0.552	0.000	bacteria	2.000	15.000	0.000	0.000	1.153	0.594	3.770	1.145	-4.445	2.320	-4.543	0.516	3V1n12V1n	DTR	13.000
contig_538	6187.000	phage	0.649	0.779	False	False	0.550	0.000	bacteria	0.000	3.000	0.000	0.000	1.528	0.771	3.516	1.352	-5.488	2.148	-4.883	1.570	3V		
contig_536	34338.000	phage	0.314	0.717	False	False	0.561	0.000	bacteria	2.000	14.000	0.000	0.000	1.138	0.867	4.195	1.633	-5.230	1.559	-4.797	0.413	8V1n5V1n1V		
contig_544	2546.000	phage	0.001	0.976	False	False	0.454	0.000	bacteria	0.000	1.000	0.000	0.000	-1.369	0.000	8.305	0.000	-6.977	0.000	-4.344	0.000	1V		
contig_543	36904.000	phage	0.060	0.825	False	False	0.450	0.000	bacteria	0.000	18.000	0.000	0.000	-1.101	0.507	5.324	1.239	-5.363	1.934	-4.562	0.594	18V	DTR	69.000
contig_547	8426.000	phage	0.002	0.991	False	False	0.461	0.000	bacteria	0.000	4.000	0.000	0.000	-2.414	0.086	7.199	0.463	-7.395	0.545	-3.963	0.381	4V		
contig_546	27902.000	phage	0.303	0.714	True	False	0.376	0.000	bacteria	0.000	11.000	2.000	0.000	-1.439	0.735	4.520	6.875	-4.402	9.375	-2.902	0.944	7V2n4V		
contig_55	8222.000	phage	0.225	0.761	False	False	0.501	0.000	bacteria	0.000	4.000	0.000	0.000	0.645	0.603	5.023	1.318	-4.941	1.736	-4.926	0.337	4V		
contig_552	6723.000	phage	0.354	0.556	False	False	0.472	0.000	bacteria	0.000	3.000	0.000	0.000	-0.039	0.710	3.633	1.355	-3.625	0.506	-3.596	0.939	3V	DTR	13.000
contig_553	37946.000	phage	0.533	0.673	False	False	0.638	0.000	bacteria	4.000	14.000	0.000	0.000	1.639	0.820	3.438	2.857	-4.492	4.598	-5.027	0.632	2V1n1V1n1V1n3V1n7V	DTR	13.000
contig_555	26083.000	phage	0.047	0.815	False	False	0.441	0.000	bacteria	0.000	12.000	0.000	0.000	-1.340	0.902	4.867	0.818	-4.629	3.291	-4.305	0.292	12V		
contig_558	13811.000	phage	0.164	0.673	True	False	0.457	0.000	bacteria	0.000	5.000	1.000	0.000	-2.555	0.904	3.904	6.148	-2.852	9.773	-5.008	0.485	1V1n4V		
contig_561	2877.000	phage	0.173	0.737	False	False	0.569	0.000	bacteria	0.000	1.000	0.000	0.000	1.143	0.000	4.781	0.000	-5.438	0.000	-4.953	0.000	1V		
contig_562	6358.000	phage	0.573	0.658	False	False	0.596	0.000	bacteria	0.000	3.000	0.000	0.000	1.340	0.686	3.254	0.537	-4.324	0.641	-5.789	0.458	3V		
contig_565	2844.000	phage	0.017	0.956	False	False	0.592	0.000	bacteria	0.000	1.000	0.000	0.000	0.088	0.000	6.531	0.000	-6.039	0.000	-4.711	0.000	1V		
contig_572	21856.000	phage	0.365	0.679	False	False	0.395	0.000	bacteria	2.000	8.000	0.000	0.000	0.591	1.909	3.471	0.710	-5.254	3.416	-3.672	1.947	1n1V1n7V		
contig_574	20624.000	phage	0.640	0.683	False	False	0.399	0.000	bacteria	5.000	5.000	0.000	0.000	2.598	1.411	3.322	1.266	-5.996	2.965	-4.098	1.031	2V2n1V2n2V1n		
contig_577	17673.000	phage	0.047	0.813	False	False	0.274	0.000	bacteria	0.000	8.000	0.000	0.000	-1.429	0.180	5.102	0.727	-5.699	0.894	-2.904	1.398	8V		
contig_576	37416.000	phage	0.212	0.674	False	False	0.475	0.000	bacteria	0.000	18.000	0.000	0.000	-0.479	1.501	4.508	1.850	-4.754	3.336	-4.328	0.685	18V		
contig_578	4407.000	phage	0.145	0.684	False	False	0.563	0.000	bacteria	0.000	2.000	0.000	0.000	0.675	0.474	4.605	0.137	-5.438	1.231	-4.133	0.107	2V		
contig_580	4331.000	phage	0.057	0.857	False	False	0.680	0.000	bacteria	0.000	2.000	0.000	0.000	-0.195	0.095	5.875	2.129	-6.539	1.735	-3.672	0.028	2V		
contig_581	3075.000	phage	0.694	0.790	False	False	0.701	0.000	bacteria	0.000	1.000	0.000	0.000	1.730	0.000	3.209	0.000	-6.859	0.000	-5.488	0.000	1V		
contig_582	25252.000	phage	0.655	0.560	False	False	0.570	0.000	bacteria	1.000	10.000	1.000	0.000	1.382	1.806	3.025	2.461	-3.535	3.611	-4.727	0.519	1V1n1V1n8V		
contig_584	14106.000	phage	0.447	0.398	False	False	0.522	0.000	bacteria	0.000	6.000	0.000	0.000	0.679	0.686	3.389	0.505	-2.980	2.527	-4.973	0.463	6V		
contig_585	2064.000	phage	0.095	0.910	False	False	0.295	0.000	bacteria	0.000	1.000	0.000	0.000	-0.500	0.000	4.250	0.000	-6.641	0.000	-1.810	0.000	1V		
contig_58	85038.000	phage	0.082	0.841	False	False	0.424	0.000	bacteria	0.000	40.000	1.000	0.000	-1.861	1.060	5.688	4.117	-5.672	7.703	-4.355	0.938	38V1n2V	DTR	204.000
contig_59	4425.000	phage	0.645	0.408	False	False	0.422	0.000	bacteria	0.000	2.000	0.000	0.000	0.896	0.678	3.342	2.205	-3.537	10.562	-4.336	2.242	2V		
contig_591	16927.000	phage	0.325	0.649	False	False	0.496	0.000	bacteria	1.000	7.000	0.000	0.000	0.450	0.457	4.254	2.512	-4.930	3.170	-3.977	0.354	2V1n5V		
contig_596	47077.000	phage	0.057	0.930	False	False	0.404	0.000	bacteria	0.000	22.000	0.000	0.000	0.172	0.405	5.703	0.559	-7.344	1.780	-4.750	0.782	22V		
contig_601	85375.000	phage	0.025	0.899	False	False	0.399	0.000	bacteria	0.000	41.000	0.000	0.000	-2.605	0.479	5.762	1.946	-5.523	2.559	-3.385	0.794	41V	DTR	13.000
contig_612	34627.000	phage	0.692	0.714	False	False	0.689	0.000	bacteria	6.000	10.000	0.000	0.000	2.402	0.636	3.211	0.893	-5.898	1.650	-5.586	0.442	1V1n1V1n4V1n2V3n2V		
contig_614	24770.000	phage	0.526	0.721	False	False	0.308	0.000	bacteria	0.000	12.000	0.000	0.000	0.232	0.836	3.186	1.632	-4.836	2.598	-2.873	1.306	12V		
contig_615	8044.000	phage	0.177	0.788	False	False	0.422	0.000	bacteria	0.000	3.000	0.000	0.000	0.083	0.034	3.988	0.496	-5.531	3.652	-3.053	0.240	3V		
contig_62	5181.000	phage	0.364	0.884	False	False	0.572	0.000	bacteria	1.000	1.000	0.000	0.000	2.580	1.286	3.293	2.531	-6.398	0.322	-4.996	0.324	1n1V		
contig_625	4424.000	phage	0.485	0.660	False	False	0.593	0.000	bacteria	0.000	2.000	0.000	0.000	1.095	0.579	4.078	1.901	-4.590	3.777	-4.383	0.072	2V		
contig_628	10170.000	phage	0.124	0.492	True	False	0.569	0.000	bacteria	0.000	3.000	1.000	0.000	-1.037	0.326	3.096	5.914	-2.279	7.988	-4.082	2.482	1V1n2V		
contig_632	33695.000	phage	0.557	0.486	False	False	0.322	0.000	bacteria	0.000	16.000	0.000	0.000	-0.571	0.771	3.084	2.152	-3.146	4.574	-2.010	0.971	16V	DTR	14.000
contig_65	8311.000	phage	0.446	0.886	False	False	0.698	0.000	bacteria	2.000	2.000	0.000	0.000	1.749	2.168	4.105	3.355	-8.336	1.080	-4.848	0.716	1n1V1n1V		
contig_653	13188.000	phage	0.295	0.575	True	False	0.369	0.000	bacteria	0.000	5.000	1.000	0.000	-1.396	1.907	3.111	3.719	-2.873	6.812	-2.127	1.216	1n5V		
contig_655	3240.000	phage	0.039	0.551	False	False	0.483	0.000	bacteria	0.000	1.000	0.000	0.000	-1.030	0.000	4.617	0.000	-3.990	0.000	-3.855	0.000	1V		
contig_656	10282.000	phage	0.304	0.818	False	False	0.559	0.000	bacteria	0.000	5.000	0.000	0.000	0.620	0.466	4.414	2.115	-5.148	0.742	-4.652	0.021	5V		
contig_644	72339.000	phage	0.457	0.656	True	False	0.496	0.000	bacteria	4.000	27.000	4.000	0.000	-0.211	1.408	3.350	6.688	-3.467	9.180	-3.443	1.513	3n3V4n24V1n	DTR	14.000
contig_657	2576.000	phage	0.054	0.913	False	False	0.412	0.000	bacteria	0.000	1.000	0.000	0.000	-0.377	0.000	4.758	0.000	-5.031	0.000	-4.836	0.000	1V		
contig_663	6040.000	phage	0.358	0.607	False	False	0.313	0.000	bacteria	0.000	2.000	0.000	0.000	0.126	0.355	3.100	0.016	-3.832	0.062	-2.309	0.032	2V		
contig_66	36915.000	phage	0.382	0.866	True	False	0.701	0.000	bacteria	6.000	12.000	0.000	0.000	2.234	2.057	3.270	3.428	-7.066	0.730	-4.973	0.319	6V2n1V1n2V1n1V2n2V	ITR	13.000
contig_664	7347.000	phage	0.810	0.648	True	False	0.476	0.000	bacteria	1.000	2.000	0.000	0.000	0.549	1.948	3.092	4.875	-3.287	6.332	-4.152	0.405	1n2V		
contig_665	4746.000	phage	0.653	0.530	False	False	0.417	0.000	bacteria	0.000	2.000	0.000	0.000	1.142	0.019	3.217	0.735	-3.258	2.643	-2.654	2.732	2V		
contig_671	11576.000	phage	0.298	0.628	False	False	0.445	0.000	bacteria	0.000	5.000	0.000	0.000	0.211	0.204	3.598	0.676	-3.914	0.038	-3.576	2.041	5V		
contig_673	21726.000	phage	0.600	0.586	False	False	0.599	0.000	bacteria	1.000	9.000	0.000	0.000	1.696	0.776	3.521	0.791	-4.867	2.010	-3.832	0.203	6V1n3V		
contig_677	6655.000	phage	0.383	0.387	False	False	0.581	0.000	bacteria	0.000	3.000	0.000	0.000	-0.246	1.313	3.219	0.729	-2.578	0.629	-4.793	0.825	3V		
contig_676	28407.000	phage	0.108	0.727	True	False	0.479	0.000	bacteria	0.000	12.000	1.000	0.000	-2.562	1.759	5.367	6.477	-4.223	8.688	-4.289	0.343	9V1n3V		
contig_678	2724.000	phage	0.034	0.985	False	False	0.570	0.000	bacteria	0.000	1.000	0.000	0.000	-0.051	0.000	5.621	0.000	-7.820	0.000	-4.320	0.000	1V		
contig_679	6880.000	phage	0.034	0.744	False	False	0.438	0.000	bacteria	0.000	3.000	0.000	0.000	-0.845	0.430	5.098	0.039	-4.480	0.727	-4.879	0.053	3V		
contig_68	6717.000	phage	0.429	0.822	False	False	0.695	0.000	bacteria	1.000	2.000	0.000	0.000	1.588	1.490	3.996	1.066	-6.902	0.140	-4.770	0.004	1V1n1V		
contig_680	23059.000	phage	0.715	0.643	False	False	0.664	0.000	bacteria	2.000	9.000	0.000	0.000	1.959	0.596	3.205	0.817	-4.941	2.094	-4.930	0.321	1n1V1n8V	ITR	13.000
contig_687	3304.000	phage	0.038	0.970	False	False	0.316	0.000	bacteria	0.000	1.000	0.000	0.000	-0.309	0.000	5.293	0.000	-6.570	0.000	-3.387	0.000	1V		
contig_688	2656.000	phage	0.051	0.906	False	False	0.282	0.000	bacteria	0.000	1.000	0.000	0.000	-0.394	0.000	4.926	0.000	-6.758	0.000	-2.600	0.000	1V		
contig_69	5598.000	phage	0.597	0.857	False	False	0.704	0.000	bacteria	0.000	2.000	0.000	0.000	2.033	0.211	3.883	0.514	-8.438	2.209	-6.117	0.000	2V		
contig_698	17256.000	phage	0.423	0.441	False	False	0.525	0.000	bacteria	2.000	6.000	0.000	0.000	1.182	1.613	3.229	0.870	-2.887	1.194	-4.367	0.575	3V1n1V1n2V		
contig_70	7600.000	phage	0.102	0.736	False	False	0.409	0.000	bacteria	0.000	3.000	0.000	0.000	0.237	1.069	5.121	0.295	-6.512	1.409	-4.539	0.602	3V		
contig_707	4530.000	phage	0.526	0.580	False	False	0.315	0.000	bacteria	0.000	2.000	0.000	0.000	1.404	0.075	3.699	1.282	-5.980	1.521	-5.121	1.710	2V		
contig_709	4643.000	phage	0.341	0.260	False	False	0.355	0.000	bacteria	0.000	2.000	0.000	0.000	0.488	1.054	3.686	0.132	-4.066	0.437	-5.246	1.501	2V		
contig_71	6969.000	phage	0.449	0.658	False	False	0.428	0.000	bacteria	1.000	2.000	0.000	0.000	1.298	0.540	3.959	3.352	-4.438	6.840	-4.285	2.264	2V1n		
contig_711	2476.000	phage	0.055	0.842	False	False	0.377	0.000	bacteria	0.000	1.000	0.000	0.000	-1.329	0.000	3.893	0.000	-4.668	0.000	-4.109	0.000	1V	DTR	14.000
contig_708	49001.000	phage	0.165	0.813	False	False	0.324	0.000	bacteria	0.000	22.000	0.000	1.000	-0.484	0.657	4.297	1.749	-5.805	1.196	-2.949	1.554	18V1n4V	ITR	13.000
contig_714	5076.000	phage	0.409	0.732	False	False	0.492	0.000	bacteria	0.000	2.000	0.000	0.000	-0.061	0.487	4.238	3.881	-4.320	0.436	-2.473	1.346	2V		
contig_723	2420.000	phage	0.279	0.831	False	False	0.458	0.000	bacteria	0.000	1.000	0.000	0.000	0.877	0.000	3.873	0.000	-5.062	0.000	-5.859	0.000	1V		
contig_724	5064.000	phage	0.506	0.375	False	False	0.661	0.000	bacteria	0.000	2.000	0.000	0.000	0.774	0.474	3.414	0.817	-2.662	0.647	-5.371	0.005	2V		
contig_726	8800.000	phage	0.545	0.568	False	False	0.651	0.000	bacteria	1.000	3.000	0.000	0.000	1.606	1.718	3.332	2.049	-4.223	1.402	-4.789	0.361	1V1n2V		
contig_730	2456.000	phage	0.032	0.982	False	False	0.494	0.000	bacteria	0.000	1.000	0.000	0.000	-0.830	0.000	5.066	0.000	-6.141	0.000	-2.941	0.000	1V		
contig_731	14719.000	phage	0.177	0.684	False	False	0.436	0.000	bacteria	0.000	7.000	0.000	0.000	-0.619	1.002	4.246	0.953	-4.355	2.576	-3.492	1.104	7V		
contig_735	9170.000	phage	0.342	0.704	False	False	0.573	0.000	bacteria	0.000	4.000	0.000	0.000	0.744	0.459	4.398	2.281	-5.125	3.330	-4.887	0.704	4V		
contig_736	7654.000	phage	0.490	0.537	False	False	0.597	0.000	bacteria	0.000	3.000	0.000	0.000	1.436	0.309	3.697	0.333	-4.598	0.574	-5.109	0.306	3V		
contig_734	36814.000	phage	0.250	0.722	False	False	0.584	0.000	bacteria	0.000	17.000	0.000	0.000	0.661	0.534	4.715	1.340	-5.242	2.664	-4.730	0.214	17V	DTR	13.000
contig_739	8135.000	phage	0.112	0.704	False	False	0.586	0.000	bacteria	0.000	3.000	0.000	0.000	0.194	0.301	4.836	0.253	-4.859	1.483	-4.336	0.427	3V		
contig_74	31866.000	phage	0.269	0.726	False	False	0.523	0.000	bacteria	1.000	14.000	0.000	0.000	-0.459	1.993	4.836	3.516	-5.488	4.645	-4.031	0.721	3V1n11V		
contig_746	20454.000	phage	0.522	0.637	True	False	0.337	0.000	bacteria	1.000	7.000	1.000	0.000	0.199	1.113	3.361	3.562	-5.781	7.488	-1.501	3.619	4V1n2V1n1V		
contig_747	7163.000	phage	0.127	0.616	False	False	0.520	0.000	bacteria	0.000	3.000	0.000	0.000	-0.771	1.373	4.457	0.404	-4.793	2.623	-4.184	0.362	3V		
contig_752	8119.000	phage	0.333	0.729	False	False	0.445	0.000	bacteria	0.000	3.000	0.000	0.000	1.294	0.264	4.062	0.077	-5.500	1.380	-4.523	0.518	3V		
contig_753	3068.000	phage	0.312	0.808	False	False	0.544	0.000	bacteria	0.000	1.000	0.000	0.000	0.706	0.000	3.551	0.000	-5.195	0.000	-5.035	0.000	1V		
contig_765	7645.000	phage	0.286	0.577	False	False	0.458	0.000	bacteria	0.000	3.000	0.000	0.000	-0.289	0.664	4.020	1.140	-3.518	3.066	-3.500	0.498	3V		
contig_771	3173.000	phage	0.073	0.345	False	False	0.508	0.000	bacteria	0.000	1.000	0.000	0.000	-0.651	0.000	4.223	0.000	-3.598	0.000	-3.951	0.000	1V		
contig_772	4326.000	phage	0.177	0.483	False	False	0.445	0.000	bacteria	0.000	2.000	0.000	0.000	-2.092	0.348	3.621	0.980	-2.246	2.439	-4.219	0.001	2V		
contig_775	37594.000	phage	0.259	0.716	False	False	0.570	0.000	bacteria	0.000	18.000	0.000	0.000	1.100	0.606	4.625	0.486	-5.934	1.456	-4.719	0.724	18V		
contig_779	30156.000	phage	0.080	0.841	False	False	0.317	0.000	bacteria	0.000	14.000	0.000	0.000	-1.008	0.510	4.801	1.136	-5.449	2.957	-3.611	0.828	14V		
contig_782	5438.000	phage	0.381	0.440	False	False	0.328	0.000	bacteria	0.000	2.000	0.000	0.000	0.522	0.350	3.297	0.044	-3.607	0.216	-3.619	0.553	2V		
contig_786	6500.000	phage	0.516	0.355	True	False	0.377	0.000	eukarya	0.000	3.000	0.000	0.000	-1.958	0.068	3.178	3.295	-1.651	6.734	-3.102	0.306	3V		
contig_788	10930.000	phage	0.566	0.560	False	False	0.620	0.000	bacteria	1.000	4.000	0.000	0.000	1.857	0.197	3.768	1.128	-4.863	1.351	-5.312	0.147	1n4V		
contig_792	6179.000	phage	0.095	0.599	False	False	0.356	0.000	bacteria	0.000	3.000	0.000	0.000	-2.258	0.361	4.367	2.727	-3.451	2.199	-2.469	1.210	3V		
contig_793	6775.000	phage	0.019	0.862	False	False	0.344	0.000	bacteria	0.000	3.000	0.000	0.000	-1.743	0.009	5.590	1.067	-5.410	0.589	-3.209	1.100	3V		
contig_795	19040.000	phage	0.244	0.374	False	False	0.361	0.000	bacteria	0.000	9.000	0.000	0.000	-0.891	1.211	3.803	1.344	-2.930	3.553	-3.154	0.658	9V		
contig_797	9288.000	phage	0.034	0.846	False	False	0.262	0.000	bacteria	0.000	4.000	0.000	0.000	-1.019	0.032	5.227	0.654	-5.754	2.182	-3.398	0.351	4V		
contig_802	3927.000	phage	0.086	0.901	False	False	0.583	0.000	bacteria	0.000	1.000	0.000	0.000	-0.059	0.000	4.488	0.000	-5.512	0.000	-4.785	0.000	1V		
contig_807	8701.000	phage	0.431	0.784	False	False	0.666	0.000	bacteria	1.000	3.000	0.000	0.000	1.866	1.021	4.496	0.954	-7.090	1.275	-5.438	0.155	1V1n2V		
contig_812	15334.000	phage	0.490	0.745	False	False	0.672	0.000	bacteria	1.000	6.000	0.000	0.000	1.270	1.412	3.199	2.016	-5.965	1.050	-4.363	1.591	5V1n1V		
contig_811	34326.000	phage	0.430	0.665	False	False	0.551	0.000	bacteria	2.000	13.000	1.000	0.000	0.924	1.352	3.873	3.602	-4.070	4.562	-4.348	0.345	6V1n1V2n6V	DTR	14.000
contig_815	56870.000	phage	0.381	0.607	True	False	0.595	0.000	bacteria	3.000	23.000	1.000	0.000	-0.817	3.229	3.838	5.895	-3.131	6.664	-4.586	1.163	5V1n10V3n8V	DTR	13.000
contig_830	4584.000	phage	0.295	0.628	False	False	0.550	0.000	bacteria	0.000	2.000	0.000	0.000	1.182	0.784	4.426	0.051	-5.512	0.399	-5.297	0.796	2V		
contig_825	67695.000	phage	0.394	0.549	False	False	0.464	0.000	bacteria	1.000	31.000	1.000	0.000	-0.074	1.682	3.740	2.848	-3.432	4.867	-3.783	0.735	19V1n12V1n		
contig_831	21922.000	phage	0.486	0.588	False	False	0.308	0.000	bacteria	0.000	10.000	0.000	0.000	0.708	0.573	3.312	0.708	-4.465	1.020	-3.098	0.958	10V		
contig_833	5476.000	phage	0.294	0.727	False	False	0.521	0.000	bacteria	0.000	2.000	0.000	0.000	0.926	0.286	4.477	1.044	-5.672	0.427	-4.422	0.111	2V		
contig_834	2756.000	phage	0.544	0.474	False	False	0.678	0.000	bacteria	0.000	1.000	0.000	0.000	2.201	0.000	4.156	0.000	-5.188	0.000	-4.480	0.000	1V		
contig_835	12932.000	phage	0.195	0.754	False	False	0.566	0.000	bacteria	0.000	6.000	0.000	0.000	0.799	0.575	4.887	0.586	-5.840	0.736	-4.359	0.382	6V		
contig_836	8880.000	phage	0.306	0.712	False	False	0.578	0.000	bacteria	1.000	3.000	0.000	0.000	1.177	0.711	4.410	2.504	-5.422	4.234	-4.035	0.104	1n3V		
contig_840	17194.000	phage	0.554	0.634	False	False	0.335	0.000	bacteria	1.000	7.000	0.000	0.000	0.363	1.476	3.076	1.894	-3.809	3.490	-3.193	1.139	7V1n		
contig_842	3941.000	phage	0.509	0.716	False	False	0.542	0.000	bacteria	0.000	1.000	0.000	0.000	1.646	0.000	3.711	0.000	-5.621	0.000	-6.086	0.000	1V		
contig_850	8647.000	phage	0.307	0.820	False	False	0.493	0.000	bacteria	1.000	3.000	0.000	0.000	0.921	0.771	4.141	2.436	-5.871	1.762	-4.980	0.167	3V1n		
contig_851	7555.000	phage	0.391	0.604	False	False	0.490	0.000	bacteria	0.000	3.000	0.000	0.000	0.349	0.113	3.512	0.991	-3.723	4.352	-3.898	0.108	3V		
contig_852	13259.000	phage	0.435	0.631	False	False	0.366	0.000	bacteria	0.000	5.000	1.000	0.000	-0.292	1.699	3.207	2.191	-3.625	6.242	-3.287	0.086	3V1n2V		
contig_854	37646.000	phage	0.465	0.563	False	False	0.347	0.000	bacteria	0.000	18.000	0.000	0.000	-0.512	0.716	3.133	1.171	-3.424	4.105	-2.424	1.252	18V		
contig_858	22519.000	phage	0.341	0.634	False	False	0.625	0.000	bacteria	0.000	10.000	0.000	0.000	0.917	0.214	3.957	0.938	-4.527	3.043	-4.871	0.121	10V		
contig_861	20918.000	phage	0.282	0.681	False	False	0.544	0.000	bacteria	1.000	9.000	0.000	0.000	0.465	0.799	3.695	2.166	-4.984	4.586	-3.922	2.031	6V1n3V		
contig_864	5276.000	phage	0.436	0.485	False	False	0.392	0.000	bacteria	0.000	2.000	0.000	0.000	1.174	0.055	3.562	0.261	-4.438	1.418	-4.031	0.123	2V		
contig_865	13942.000	phage	0.181	0.756	False	False	0.522	0.000	bacteria	0.000	6.000	0.000	0.000	0.404	0.740	4.656	0.681	-5.254	0.684	-4.277	0.379	6V		
contig_874	5437.000	phage	0.333	0.530	False	False	0.521	0.000	bacteria	0.000	2.000	0.000	0.000	1.136	0.011	4.020	0.365	-4.082	2.150	-3.652	0.615	2V		
contig_871	39689.000	phage	0.331	0.700	False	False	0.525	0.000	bacteria	2.000	17.000	0.000	0.000	0.370	1.419	4.254	2.297	-4.746	3.504	-4.316	0.381	7V1n7V1n3V		
contig_879	2496.000	phage	0.175	0.762	False	False	0.507	0.000	bacteria	0.000	1.000	0.000	0.000	1.321	0.000	4.945	0.000	-6.562	0.000	-5.516	0.000	1V		
contig_887	5186.000	phage	0.600	0.206	True	False	0.511	0.000	eukarya	0.000	2.000	0.000	0.000	-1.487	0.068	3.002	3.436	-1.152	3.527	-3.838	0.105	2V		
contig_889	2947.000	phage	0.027	0.962	False	False	0.470	0.000	bacteria	0.000	1.000	0.000	0.000	-0.145	0.000	5.789	0.000	-5.570	0.000	-4.957	0.000	1V		
contig_892	2610.000	phage	0.027	0.970	False	False	0.372	0.000	bacteria	0.000	1.000	0.000	0.000	-0.892	0.000	5.059	0.000	-5.977	0.000	-4.906	0.000	1V		
contig_891	41869.000	phage	0.024	0.934	False	False	0.457	0.000	bacteria	0.000	20.000	0.000	0.000	-2.949	1.580	7.457	2.326	-6.078	1.218	-4.250	0.738	20V	DTR	51.000
contig_898	9404.000	phage	0.379	0.755	True	False	0.572	0.000	bacteria	0.000	4.000	0.000	0.000	0.147	0.448	4.727	5.949	-5.039	7.680	-4.195	0.110	4V		
contig_899	11485.000	phage	0.323	0.730	False	False	0.555	0.000	bacteria	0.000	5.000	0.000	0.000	0.771	1.320	4.152	0.732	-5.301	2.482	-4.621	0.494	5V		
contig_900	22701.000	phage	0.276	0.812	False	False	0.621	0.000	bacteria	2.000	9.000	0.000	0.000	1.269	1.741	3.805	2.141	-6.023	1.699	-5.059	0.271	4V1n2V1n3V		
contig_919	6596.000	phage	0.287	0.474	False	False	0.271	0.000	bacteria	0.000	3.000	0.000	0.000	0.568	0.436	4.012	0.500	-5.211	0.155	-3.303	0.022	3V		
contig_925	10448.000	phage	0.180	0.703	True	False	0.490	0.000	eukarya	0.000	3.000	2.000	0.000	-4.145	0.624	3.844	13.562	-1.435	9.008	-4.387	0.011	2V1n1V1n		
contig_921	33084.000	phage	0.361	0.646	False	False	0.303	0.000	bacteria	2.000	14.000	0.000	0.000	0.833	0.703	3.965	1.955	-5.645	3.469	-3.662	0.810	11V2n3V		
contig_927	2448.000	phage	0.083	0.743	False	False	0.559	0.000	bacteria	0.000	1.000	0.000	0.000	-0.102	0.000	4.512	0.000	-4.391	0.000	-4.547	0.000	1V		
contig_928	9611.000	phage	0.253	0.662	False	False	0.501	0.000	bacteria	0.000	4.000	0.000	0.000	1.004	0.404	5.008	1.497	-5.539	1.102	-4.824	0.142	4V		
contig_929	37442.000	phage	0.555	0.592	False	False	0.352	0.000	bacteria	1.000	16.000	1.000	0.000	0.864	0.759	3.238	1.960	-4.582	2.934	-3.260	1.381	9V1n6V1n1V	DTR	13.000
contig_940	12113.000	phage	0.297	0.774	True	False	0.391	0.000	bacteria	0.000	4.000	1.000	0.000	-1.403	0.722	4.383	7.582	-3.965	6.812	-3.795	0.790	1n4V		
contig_944	2735.000	phage	0.094	0.859	False	False	0.572	0.000	bacteria	0.000	1.000	0.000	0.000	-0.282	0.000	4.199	0.000	-4.637	0.000	-4.160	0.000	1V		
contig_947	3359.000	phage	0.067	0.765	False	False	0.517	0.000	bacteria	0.000	1.000	0.000	0.000	-0.834	0.000	4.188	0.000	-3.688	0.000	-3.514	0.000	1V		
contig_948	3708.000	phage	0.010	0.933	False	False	0.402	0.000	bacteria	0.000	1.000	0.000	0.000	-1.872	0.000	5.523	0.000	-5.637	0.000	-3.072	0.000	1V		
contig_949	2751.000	phage	0.002	0.929	False	False	0.356	0.000	bacteria	0.000	1.000	0.000	0.000	-2.193	0.000	7.312	0.000	-6.637	0.000	-3.174	0.000	1V		
contig_950	6670.000	phage	0.162	0.827	False	False	0.645	0.000	bacteria	0.000	3.000	0.000	0.000	0.971	0.438	5.180	0.278	-7.672	1.078	-5.516	0.194	3V		
contig_953	12874.000	phage	0.023	0.716	False	False	0.306	0.000	bacteria	0.000	6.000	0.000	0.000	-1.593	0.177	5.391	0.766	-4.734	1.209	-2.900	0.151	6V	DTR	14.000
contig_957	7907.000	phage	0.453	0.661	False	False	0.425	0.000	bacteria	1.000	2.000	0.000	0.000	1.240	1.529	3.695	0.931	-5.988	1.203	-3.311	0.936	1n2V	ITR	13.000
contig_959	14108.000	phage	0.426	0.689	False	False	0.476	0.000	bacteria	0.000	6.000	0.000	0.000	0.888	0.993	4.238	1.971	-4.969	4.504	-3.939	0.887	6V		
contig_963	5355.000	phage	0.001	0.967	False	False	0.487	0.000	bacteria	0.000	2.000	0.000	0.000	-3.203	0.029	7.949	0.461	-5.789	0.111	-3.766	0.509	2V		
contig_966	17291.000	phage	0.149	0.536	True	False	0.480	0.000	eukarya	0.000	6.000	2.000	0.000	-2.922	1.155	3.605	6.848	-1.729	6.918	-4.414	0.749	3V2n3V		
contig_970	2617.000	phage	0.179	0.789	False	False	0.440	0.000	bacteria	0.000	1.000	0.000	0.000	0.534	0.000	4.129	0.000	-5.707	0.000	-5.793	0.000	1V		
contig_972	14650.000	phage	0.581	0.535	False	False	0.574	0.000	bacteria	0.000	7.000	0.000	0.000	0.167	1.664	3.184	1.699	-3.111	5.891	-4.809	0.347	7V		
contig_974	24279.000	phage	0.252	0.657	False	False	0.308	0.000	bacteria	0.000	11.000	0.000	0.000	-0.360	0.760	3.697	0.981	-4.977	2.670	-2.887	1.633	11V		
contig_977	14816.000	phage	0.350	0.720	False	False	0.516	0.000	bacteria	0.000	6.000	1.000	0.000	-0.042	0.352	3.736	3.574	-4.062	6.008	-4.484	0.500	1n6V		
contig_98	14750.000	phage	0.229	0.461	True	False	0.411	0.000	bacteria	0.000	6.000	1.000	0.000	-0.913	0.993	3.010	6.254	-2.145	10.930	-3.559	0.978	1n6V		
contig_982	18345.000	phage	0.491	0.495	False	False	0.524	0.000	bacteria	0.000	8.000	0.000	0.000	1.633	0.585	4.145	1.218	-5.051	1.643	-5.488	0.443	8V		
contig_986	14233.000	phage	0.452	0.718	False	False	0.500	0.000	bacteria	2.000	4.000	0.000	0.000	2.861	1.682	3.375	1.699	-6.586	2.426	-6.133	0.850	1n3V1n1V		
contig_988	2542.000	phage	0.441	0.310	False	False	0.541	0.000	bacteria	0.000	1.000	0.000	0.000	0.788	0.000	3.377	0.000	-4.688	0.000	-1.239	0.000	1V		
contig_989	11818.000	phage	0.191	0.723	False	False	0.546	0.000	bacteria	0.000	5.000	0.000	0.000	0.714	0.214	4.539	0.241	-4.844	0.154	-4.125	0.011	5V		
contig_990	19323.000	phage	0.194	0.742	True	False	0.420	0.000	bacteria	2.000	7.000	0.000	0.000	-0.217	4.316	3.639	4.207	-4.164	3.135	-2.656	0.810	7V2n		
contig_99	35015.000	phage	0.435	0.442	True	False	0.388	0.000	bacteria	0.000	16.000	1.000	0.000	-0.955	1.541	3.471	3.568	-2.514	8.586	-3.975	0.970	15V1n1V		
contig_992	6558.000	phage	0.488	0.495	False	False	0.630	0.000	bacteria	0.000	3.000	0.000	0.000	0.713	0.476	3.328	0.469	-2.943	1.097	-5.359	0.001	3V		
contig_998	11404.000	phage	0.586	0.560	False	False	0.487	0.000	bacteria	0.000	5.000	0.000	0.000	2.225	0.685	4.043	0.249	-7.047	2.982	-4.543	0.542	5V		
