contig_1062_CDS_0001,54.27000045776367
contig_1062_CDS_0002,43.88999938964844
contig_1062_CDS_0003,44.43000030517578
contig_1062_CDS_0004,77.3499984741211
contig_1062_CDS_0005,59.5
contig_1062_CDS_0006,84.62999725341797
contig_1062_CDS_0007,73.9800033569336
contig_1062_CDS_0008,69.72000122070312
contig_1062_CDS_0009,72.23999786376953
contig_1062_CDS_0010,52.43000030517578
contig_1062_CDS_0011,58.45000076293945
contig_1062_CDS_0012,45.59000015258789
contig_1062_CDS_0013,63.560001373291016
contig_1062_CDS_0014,68.91999816894531
contig_1062_CDS_0015,65.98999786376953
contig_1062_CDS_0016,69.79000091552734
contig_1062_CDS_0017,63.900001525878906
contig_1062_CDS_0018,51.70000076293945
contig_1062_CDS_0019,34.88999938964844
contig_1062_CDS_0020,47.65999984741211
contig_1062_CDS_0021,81.63999938964844
contig_1062_CDS_0022,78.01000213623047
contig_1062_CDS_0023,65.48999786376953
contig_1062_CDS_0024,58.86000061035156
contig_1062_CDS_0025,70.94000244140625
contig_1062_CDS_0026,86.23999786376953
contig_1062_CDS_0027,69.06999969482422
contig_1062_CDS_0028,44.83000183105469
contig_1062_CDS_0029,70.25
contig_1062_CDS_0030,68.37999725341797
contig_1062_CDS_0031,65.08000183105469
contig_1062_CDS_0032,56.209999084472656
contig_1062_CDS_0033,64.72000122070312
contig_1062_CDS_0034,54.77000045776367
contig_1062_CDS_0035,54.650001525878906
contig_1062_CDS_0036,60.900001525878906
contig_1062_CDS_0037,57.86000061035156
contig_1062_CDS_0038,43.04999923706055
contig_1062_CDS_0039,65.1500015258789
contig_1062_CDS_0040,74.38999938964844
contig_1062_CDS_0041,40.90999984741211
contig_1062_CDS_0042,51.529998779296875
contig_1062_CDS_0043,56.380001068115234
contig_1062_CDS_0044,71.70999908447266
contig_1062_CDS_0045,67.81999969482422
contig_1062_CDS_0046,58.04999923706055
contig_1062_CDS_0047,65.7300033569336
contig_1062_CDS_0048,52.810001373291016
contig_1062_CDS_0049,67.4000015258789
contig_1062_CDS_0050,46.33000183105469
contig_1062_CDS_0051,50.2599983215332
contig_1062_CDS_0052,58.470001220703125
contig_1062_CDS_0053,72.55999755859375
contig_1062_CDS_0054,50.869998931884766
contig_1062_CDS_0055,46.310001373291016
contig_1062_CDS_0056,63.220001220703125
contig_1062_CDS_0057,58.900001525878906
contig_1062_CDS_0058,64.73999786376953
contig_1062_CDS_0059,53.560001373291016
contig_1062_CDS_0060,58.9900016784668
contig_1062_CDS_0061,41.97999954223633
contig_1062_CDS_0062,77.94999694824219
contig_1062_CDS_0063,68.68000030517578
contig_1062_CDS_0064,80.45999908447266
contig_1062_CDS_0065,62.119998931884766
contig_1062_CDS_0066,72.05999755859375
contig_1062_CDS_0067,76.66000366210938
contig_1062_CDS_0068,67.13999938964844
contig_1062_CDS_0069,48.58000183105469
contig_1062_CDS_0070,53.7599983215332
contig_1062_CDS_0071,62.2400016784668
contig_1062_CDS_0072,77.05000305175781
contig_1062_CDS_0073,52.0099983215332
contig_1062_CDS_0074,59.790000915527344
contig_1062_CDS_0075,88.52999877929688
contig_1062_CDS_0076,42.11000061035156
contig_1062_CDS_0077,47.540000915527344
contig_1062_CDS_0078,79.7300033569336
contig_1062_CDS_0079,57.90999984741211
contig_1062_CDS_0080,62.61000061035156
contig_1062_CDS_0081,67.55999755859375
contig_1062_CDS_0082,47.349998474121094
contig_1062_CDS_0083,74.0999984741211
contig_1062_CDS_0084,74.01000213623047
contig_1062_CDS_0085,92.66999816894531
contig_1062_CDS_0086,56.13999938964844
contig_1062_CDS_0087,31.200000762939453
contig_1062_CDS_0088,33.720001220703125
contig_1062_CDS_0089,81.94000244140625
contig_1062_CDS_0090,41.25
contig_1062_CDS_0091,32.11000061035156
contig_1062_CDS_0092,46.810001373291016
contig_1062_CDS_0093,50.31999969482422
contig_1062_CDS_0094,41.90999984741211
contig_1062_CDS_0095,53.2599983215332
contig_1062_CDS_0096,83.68000030517578
contig_1062_CDS_0097,48.58000183105469
contig_1062_CDS_0098,62.20000076293945
contig_1062_CDS_0099,37.880001068115234
contig_1062_CDS_0100,37.619998931884766
contig_1062_CDS_0101,39.959999084472656
contig_1062_CDS_0102,70.94999694824219
contig_1062_CDS_0103,73.94000244140625
contig_1062_CDS_0104,92.44999694824219
contig_1062_CDS_0105,67.3499984741211
contig_1062_CDS_0106,73.4800033569336
contig_1062_CDS_0107,50.84000015258789
contig_1062_CDS_0108,58.4900016784668
contig_1062_CDS_0109,56.790000915527344
contig_1062_CDS_0110,33.959999084472656
contig_1062_CDS_0111,83.38999938964844
contig_1062_CDS_0112,68.52999877929688
contig_1062_CDS_0113,50.63999938964844
contig_1062_CDS_0114,46.2599983215332
contig_1062_CDS_0115,59.349998474121094
contig_1062_CDS_0116,37.04999923706055
contig_1062_CDS_0117,43.84000015258789
contig_1062_CDS_0118,37.650001525878906
contig_1062_CDS_0119,81.30999755859375
contig_1062_CDS_0120,54.970001220703125
contig_1062_CDS_0121,52.86000061035156
contig_1062_CDS_0122,65.91000366210938
contig_1062_CDS_0123,58.70000076293945
contig_1062_CDS_0124,62.47999954223633
contig_1062_CDS_0125,43.84000015258789
contig_1062_CDS_0126,74.30000305175781
contig_1062_CDS_0127,52.56999969482422
contig_1062_CDS_0128,61.88999938964844
contig_1062_CDS_0129,48.720001220703125
contig_1062_CDS_0130,59.02000045776367
contig_1062_CDS_0131,43.06999969482422
contig_1062_CDS_0132,57.52000045776367
contig_1062_CDS_0133,45.38999938964844
contig_1062_CDS_0134,57.29999923706055
contig_1062_CDS_0135,47.68000030517578
contig_1062_CDS_0136,50.0
contig_1062_CDS_0137,58.56999969482422
contig_1062_CDS_0138,85.12000274658203
contig_1062_CDS_0139,77.83000183105469
contig_1062_CDS_0140,93.27999877929688
contig_1062_CDS_0141,57.849998474121094
contig_1062_CDS_0142,42.2599983215332
contig_1062_CDS_0143,44.439998626708984
contig_1062_CDS_0144,71.11000061035156
contig_1062_CDS_0145,56.560001373291016
contig_1062_CDS_0146,47.65999984741211
contig_1062_CDS_0147,71.2699966430664
contig_1062_CDS_0148,63.709999084472656
contig_1062_CDS_0149,70.22000122070312
contig_1062_CDS_0150,67.88999938964844
contig_1062_CDS_0151,49.2400016784668
contig_1062_CDS_0152,68.0
contig_1062_CDS_0153,77.52999877929688
contig_1062_CDS_0154,50.869998931884766
contig_1062_CDS_0155,96.20999908447266
contig_1062_CDS_0156,64.27999877929688
contig_1062_CDS_0157,73.68000030517578
contig_1062_CDS_0158,47.65999984741211
contig_1062_CDS_0159,72.1500015258789
contig_1062_CDS_0160,57.2400016784668
contig_1062_CDS_0161,59.02000045776367
contig_1062_CDS_0162,87.54000091552734
contig_1062_CDS_0163,49.369998931884766
contig_1062_CDS_0164,62.029998779296875
contig_1062_CDS_0165,84.25
contig_1062_CDS_0166,81.30999755859375
contig_1062_CDS_0167,72.7300033569336
contig_1062_CDS_0168,91.52999877929688
contig_1062_CDS_0169,61.970001220703125
contig_1062_CDS_0170,64.33000183105469
contig_1062_CDS_0171,79.5
contig_1062_CDS_0172,65.93000030517578
contig_1062_CDS_0173,89.5199966430664
contig_1062_CDS_0174,92.30999755859375
contig_1062_CDS_0175,50.810001373291016
contig_1062_CDS_0176,60.40999984741211
contig_1062_CDS_0177,51.75
contig_1062_CDS_0178,81.94999694824219
contig_1062_CDS_0179,80.0199966430664
contig_1062_CDS_0180,66.69999694824219
contig_1062_CDS_0181,61.150001525878906
contig_1062_CDS_0182,60.720001220703125
contig_1062_CDS_0183,38.40999984741211
contig_1062_CDS_0184,52.849998474121094
contig_1062_CDS_0185,71.66999816894531
contig_1062_CDS_0186,75.36000061035156
contig_1062_CDS_0187,67.06999969482422
contig_1062_CDS_0188,50.45000076293945
contig_1062_CDS_0189,59.09000015258789
contig_1062_CDS_0190,59.27000045776367
contig_1062_CDS_0191,49.29999923706055
contig_1062_CDS_0192,75.75
contig_1062_CDS_0193,45.04999923706055
contig_1062_CDS_0194,51.709999084472656
contig_1062_CDS_0195,36.5099983215332
contig_1062_CDS_0196,55.189998626708984
contig_1062_CDS_0197,58.13999938964844
contig_1062_CDS_0198,85.27999877929688
contig_1096_CDS_0001,41.0099983215332
contig_1096_CDS_0002,68.43000030517578
contig_1096_CDS_0003,50.31999969482422
contig_1096_CDS_0004,75.3499984741211
contig_1096_CDS_0005,65.66000366210938
contig_1096_CDS_0006,65.75
contig_1096_CDS_0007,52.25
contig_1096_CDS_0008,53.900001525878906
contig_1096_CDS_0009,76.6500015258789
contig_1096_CDS_0010,70.3499984741211
contig_1096_CDS_0011,62.189998626708984
contig_1096_CDS_0012,67.3499984741211
contig_1096_CDS_0013,67.61000061035156
contig_1096_CDS_0014,37.97999954223633
contig_1096_CDS_0015,76.13999938964844
contig_1096_CDS_0016,43.58000183105469
contig_1096_CDS_0017,53.970001220703125
contig_1096_CDS_0018,60.290000915527344
contig_1096_CDS_0019,41.0
contig_1096_CDS_0020,56.09000015258789
contig_1096_CDS_0021,84.11000061035156
contig_1096_CDS_0022,56.09000015258789
contig_1096_CDS_0023,72.29000091552734
contig_1096_CDS_0024,79.3499984741211
contig_1096_CDS_0025,31.579999923706055
contig_1096_CDS_0026,59.779998779296875
contig_1096_CDS_0027,46.790000915527344
contig_1096_CDS_0028,68.05999755859375
contig_1096_CDS_0029,59.36000061035156
contig_1096_CDS_0030,59.599998474121094
contig_1096_CDS_0031,45.66999816894531
contig_1096_CDS_0032,80.86000061035156
contig_1096_CDS_0033,64.55000305175781
contig_1096_CDS_0034,61.08000183105469
contig_1096_CDS_0035,62.34000015258789
contig_1096_CDS_0036,55.0
contig_1096_CDS_0037,64.48999786376953
contig_1096_CDS_0038,50.2599983215332
contig_1096_CDS_0039,41.68000030517578
contig_1096_CDS_0040,37.38999938964844
contig_1096_CDS_0041,39.310001373291016
contig_1096_CDS_0042,40.0099983215332
contig_1096_CDS_0043,45.9900016784668
contig_1096_CDS_0044,52.900001525878906
contig_1096_CDS_0045,49.150001525878906
contig_1096_CDS_0046,74.26000213623047
contig_1096_CDS_0047,51.5099983215332
contig_1096_CDS_0048,54.04999923706055
contig_1096_CDS_0049,80.18000030517578
contig_1096_CDS_0050,78.52999877929688
contig_1096_CDS_0051,41.619998931884766
contig_1096_CDS_0052,68.58000183105469
contig_1096_CDS_0053,47.470001220703125
contig_1096_CDS_0054,45.150001525878906
contig_1096_CDS_0055,78.33999633789062
contig_1096_CDS_0056,48.16999816894531
contig_1096_CDS_0057,65.63999938964844
contig_1096_CDS_0058,38.400001525878906
contig_1096_CDS_0059,60.88999938964844
contig_1096_CDS_0060,76.79000091552734
contig_1096_CDS_0061,57.13999938964844
contig_1096_CDS_0062,57.529998779296875
contig_1096_CDS_0063,50.09000015258789
contig_1096_CDS_0064,59.45000076293945
contig_1096_CDS_0065,76.72000122070312
contig_1096_CDS_0066,59.93000030517578
contig_1096_CDS_0067,73.11000061035156
contig_1096_CDS_0068,39.779998779296875
contig_1096_CDS_0069,52.66999816894531
contig_1096_CDS_0070,51.72999954223633
contig_1096_CDS_0071,49.58000183105469
contig_1096_CDS_0072,51.0
contig_1096_CDS_0073,61.040000915527344
contig_1096_CDS_0074,50.029998779296875
contig_1096_CDS_0075,51.529998779296875
contig_1096_CDS_0076,43.7599983215332
contig_1096_CDS_0077,73.58000183105469
contig_1096_CDS_0078,67.88999938964844
contig_1096_CDS_0079,88.43000030517578
contig_1096_CDS_0080,85.76000213623047
contig_1096_CDS_0081,65.94000244140625
contig_1096_CDS_0082,78.86000061035156
contig_1096_CDS_0083,50.4900016784668
contig_1096_CDS_0084,42.02000045776367
contig_1096_CDS_0085,62.060001373291016
contig_1096_CDS_0086,78.47000122070312
contig_1096_CDS_0087,48.52000045776367
contig_1096_CDS_0088,70.48999786376953
contig_1096_CDS_0089,64.44999694824219
contig_1096_CDS_0090,68.11000061035156
contig_1096_CDS_0091,54.38999938964844
contig_1096_CDS_0092,43.81999969482422
contig_1096_CDS_0093,45.099998474121094
contig_1096_CDS_0094,58.72999954223633
contig_1096_CDS_0095,67.83999633789062
contig_1096_CDS_0096,53.33000183105469
contig_1096_CDS_0097,41.77000045776367
contig_1096_CDS_0098,64.54000091552734
contig_1096_CDS_0099,52.83000183105469
contig_1096_CDS_0100,57.58000183105469
contig_1096_CDS_0101,57.959999084472656
contig_1096_CDS_0102,60.709999084472656
contig_1096_CDS_0103,61.79999923706055
contig_1096_CDS_0104,71.48999786376953
contig_1096_CDS_0105,70.30000305175781
contig_1096_CDS_0106,62.939998626708984
contig_1096_CDS_0107,80.91000366210938
contig_1096_CDS_0108,64.8499984741211
contig_1096_CDS_0109,38.04999923706055
contig_1096_CDS_0110,68.61000061035156
contig_1096_CDS_0111,50.0099983215332
contig_1096_CDS_0112,50.810001373291016
contig_1096_CDS_0113,68.6500015258789
contig_1096_CDS_0114,74.79000091552734
contig_1096_CDS_0115,93.29000091552734
contig_1096_CDS_0116,83.20999908447266
contig_1096_CDS_0117,63.599998474121094
contig_1096_CDS_0118,62.54999923706055
contig_1096_CDS_0119,84.22000122070312
contig_1096_CDS_0120,45.95000076293945
contig_1096_CDS_0121,45.470001220703125
contig_1096_CDS_0122,40.369998931884766
contig_1096_CDS_0123,64.80999755859375
contig_1096_CDS_0124,48.029998779296875
contig_1096_CDS_0125,84.52999877929688
contig_1096_CDS_0126,51.52000045776367
contig_1096_CDS_0127,52.47999954223633
contig_1096_CDS_0128,39.7599983215332
contig_1096_CDS_0129,43.08000183105469
contig_1096_CDS_0130,43.36000061035156
contig_1096_CDS_0131,38.84000015258789
contig_1096_CDS_0132,65.55999755859375
contig_1096_CDS_0133,58.86000061035156
contig_1096_CDS_0134,48.36000061035156
contig_1096_CDS_0135,58.029998779296875
contig_1096_CDS_0136,39.20000076293945
contig_1096_CDS_0137,67.76000213623047
contig_1096_CDS_0138,81.4800033569336
contig_1096_CDS_0139,67.55999755859375
contig_1096_CDS_0140,63.34000015258789
contig_1096_CDS_0141,52.40999984741211
contig_1096_CDS_0142,70.44000244140625
contig_1096_CDS_0143,52.279998779296875
contig_1096_CDS_0144,38.5
contig_1096_CDS_0145,69.51000213623047
contig_1096_CDS_0146,41.43000030517578
contig_1096_CDS_0147,54.65999984741211
contig_1096_CDS_0148,45.63999938964844
contig_1096_CDS_0149,34.560001373291016
contig_1096_CDS_0150,28.670000076293945
contig_1096_CDS_0151,60.970001220703125
contig_1096_CDS_0152,54.95000076293945
contig_1096_CDS_0153,79.91000366210938
contig_1096_CDS_0154,64.80000305175781
contig_1096_CDS_0155,65.5999984741211
contig_1096_CDS_0156,34.439998626708984
contig_1096_CDS_0157,64.36000061035156
contig_1096_CDS_0158,64.61000061035156
contig_1096_CDS_0159,57.779998779296875
contig_1096_CDS_0160,46.77000045776367
contig_1096_CDS_0161,52.93000030517578
contig_1096_CDS_0162,31.670000076293945
contig_1096_CDS_0163,33.880001068115234
contig_1096_CDS_0164,53.880001068115234
contig_1096_CDS_0165,44.56999969482422
contig_1096_CDS_0166,56.900001525878906
contig_1096_CDS_0167,51.79999923706055
contig_1096_CDS_0168,56.540000915527344
contig_1096_CDS_0169,39.880001068115234
contig_1096_CDS_0170,52.040000915527344
contig_1096_CDS_0171,39.68000030517578
contig_1096_CDS_0172,57.06999969482422
contig_1096_CDS_0173,95.91999816894531
contig_1096_CDS_0174,68.54000091552734
contig_1096_CDS_0175,66.61000061035156
contig_1096_CDS_0176,63.939998626708984
contig_1096_CDS_0177,48.77000045776367
contig_1096_CDS_0178,42.47999954223633
contig_1096_CDS_0179,49.459999084472656
contig_1096_CDS_0180,61.4900016784668
contig_1096_CDS_0181,58.02000045776367
contig_1096_CDS_0182,34.84000015258789
contig_1096_CDS_0183,61.36000061035156
contig_1096_CDS_0184,69.19999694824219
contig_1096_CDS_0185,49.25
contig_1096_CDS_0186,73.9800033569336
contig_1096_CDS_0187,53.880001068115234
contig_1096_CDS_0188,60.54999923706055
contig_1096_CDS_0189,59.880001068115234
contig_1096_CDS_0190,52.72999954223633
contig_1096_CDS_0191,50.650001525878906
contig_1096_CDS_0192,54.90999984741211
contig_1096_CDS_0193,57.77000045776367
contig_1096_CDS_0194,59.939998626708984
contig_1096_CDS_0195,53.2599983215332
contig_1096_CDS_0196,50.97999954223633
contig_1096_CDS_0197,68.48999786376953
contig_1096_CDS_0198,71.5
contig_1096_CDS_0199,45.83000183105469
contig_1096_CDS_0200,62.9900016784668
contig_1096_CDS_0201,67.04000091552734
contig_1096_CDS_0202,46.220001220703125
contig_1096_CDS_0203,67.0199966430664
contig_1096_CDS_0204,49.619998931884766
contig_1169_CDS_0001,58.369998931884766
contig_1169_CDS_0002,39.709999084472656
contig_1169_CDS_0003,61.41999816894531
contig_1169_CDS_0004,48.5099983215332
contig_1169_CDS_0005,41.43000030517578
contig_1169_CDS_0006,39.20000076293945
contig_1169_CDS_0007,60.79999923706055
contig_1169_CDS_0008,55.08000183105469
contig_1169_CDS_0009,31.860000610351562
contig_1169_CDS_0010,36.33000183105469
contig_1169_CDS_0011,56.02000045776367
contig_1169_CDS_0012,54.97999954223633
contig_1169_CDS_0013,72.1500015258789
contig_1169_CDS_0014,41.59000015258789
contig_1169_CDS_0015,34.470001220703125
contig_1169_CDS_0016,80.26000213623047
contig_1169_CDS_0017,75.20999908447266
contig_1169_CDS_0018,61.45000076293945
contig_1169_CDS_0019,81.77999877929688
contig_1169_CDS_0020,62.130001068115234
contig_1169_CDS_0021,57.290000915527344
contig_1169_CDS_0022,36.97999954223633
contig_1169_CDS_0023,54.08000183105469
contig_1169_CDS_0024,51.209999084472656
contig_1169_CDS_0025,41.59000015258789
contig_1169_CDS_0026,75.5199966430664
contig_1169_CDS_0027,54.02000045776367
contig_1169_CDS_0028,49.060001373291016
contig_1169_CDS_0029,88.38999938964844
contig_1169_CDS_0030,53.09000015258789
contig_1169_CDS_0031,44.97999954223633
contig_1169_CDS_0032,47.290000915527344
contig_1169_CDS_0033,48.63999938964844
contig_1169_CDS_0034,64.69000244140625
contig_1169_CDS_0035,49.7599983215332
contig_1169_CDS_0036,58.84000015258789
contig_1169_CDS_0037,51.7599983215332
contig_1169_CDS_0038,50.29999923706055
contig_1169_CDS_0039,51.56999969482422
contig_1169_CDS_0040,36.83000183105469
contig_1169_CDS_0041,34.369998931884766
contig_1169_CDS_0042,69.55999755859375
contig_1169_CDS_0043,66.9000015258789
contig_1169_CDS_0044,84.33999633789062
contig_1169_CDS_0045,57.52000045776367
contig_1169_CDS_0046,85.63999938964844
contig_1169_CDS_0047,76.06999969482422
contig_1169_CDS_0048,60.83000183105469
contig_1169_CDS_0049,54.38999938964844
contig_1169_CDS_0050,36.47999954223633
contig_1169_CDS_0051,38.56999969482422
contig_1169_CDS_0052,44.939998626708984
contig_1169_CDS_0053,63.290000915527344
contig_1169_CDS_0054,42.58000183105469
contig_1169_CDS_0055,69.37000274658203
contig_1169_CDS_0056,35.33000183105469
contig_1169_CDS_0057,43.470001220703125
contig_1169_CDS_0058,40.9900016784668
contig_1169_CDS_0059,38.880001068115234
contig_1169_CDS_0060,42.70000076293945
contig_1169_CDS_0061,38.130001068115234
contig_1169_CDS_0062,67.75
contig_1169_CDS_0063,45.09000015258789
contig_1169_CDS_0064,58.40999984741211
contig_1169_CDS_0065,52.86000061035156
contig_1169_CDS_0066,66.97000122070312
contig_1169_CDS_0067,68.58999633789062
contig_1169_CDS_0068,63.0
contig_1169_CDS_0069,51.189998626708984
contig_1169_CDS_0070,74.94999694824219
contig_1169_CDS_0071,35.290000915527344
contig_1169_CDS_0072,59.779998779296875
contig_1169_CDS_0073,45.18000030517578
contig_1169_CDS_0074,49.900001525878906
contig_1169_CDS_0075,42.279998779296875
contig_1169_CDS_0076,87.56999969482422
contig_1169_CDS_0077,45.13999938964844
contig_1169_CDS_0078,50.02000045776367
contig_1169_CDS_0079,41.22999954223633
contig_1169_CDS_0080,49.220001220703125
contig_1169_CDS_0081,45.54999923706055
contig_1169_CDS_0082,29.8700008392334
contig_1169_CDS_0083,48.56999969482422
contig_1169_CDS_0084,71.63999938964844
contig_1169_CDS_0085,74.93000030517578
contig_1169_CDS_0086,60.720001220703125
contig_1169_CDS_0087,49.029998779296875
contig_1169_CDS_0088,68.06999969482422
contig_1169_CDS_0089,55.06999969482422
contig_1169_CDS_0090,39.09000015258789
contig_1169_CDS_0091,53.099998474121094
contig_1169_CDS_0092,82.30000305175781
contig_1169_CDS_0093,60.86000061035156
contig_1169_CDS_0094,50.849998474121094
contig_1169_CDS_0095,69.80999755859375
contig_1169_CDS_0096,55.439998626708984
contig_1169_CDS_0097,74.20999908447266
contig_1169_CDS_0098,46.4900016784668
contig_1169_CDS_0099,59.4900016784668
contig_1169_CDS_0100,53.95000076293945
contig_1169_CDS_0101,80.20999908447266
contig_1169_CDS_0102,50.720001220703125
contig_1169_CDS_0103,55.86000061035156
contig_1169_CDS_0104,50.2400016784668
contig_1169_CDS_0105,50.09000015258789
contig_1169_CDS_0106,55.61000061035156
contig_1169_CDS_0107,39.9900016784668
contig_1169_CDS_0108,37.7400016784668
contig_1169_CDS_0109,34.72999954223633
contig_1169_CDS_0110,42.7599983215332
contig_1169_CDS_0111,47.779998779296875
contig_1169_CDS_0112,45.84000015258789
contig_1169_CDS_0113,28.829999923706055
contig_1169_CDS_0114,69.43000030517578
contig_1169_CDS_0115,29.770000457763672
contig_1169_CDS_0116,56.22999954223633
contig_1169_CDS_0117,38.75
contig_1169_CDS_0118,53.41999816894531
contig_1169_CDS_0119,42.439998626708984
contig_1169_CDS_0120,86.86000061035156
contig_1169_CDS_0121,47.220001220703125
contig_1169_CDS_0122,36.939998626708984
contig_1459_CDS_0001,67.02999877929688
contig_1459_CDS_0002,62.439998626708984
contig_1459_CDS_0003,73.27999877929688
contig_1459_CDS_0004,57.790000915527344
contig_1459_CDS_0005,65.76000213623047
contig_1459_CDS_0006,51.77000045776367
contig_1459_CDS_0007,66.29000091552734
contig_1459_CDS_0008,38.31999969482422
contig_1459_CDS_0009,40.310001373291016
contig_1459_CDS_0010,81.66000366210938
contig_1459_CDS_0011,50.06999969482422
contig_1459_CDS_0012,52.0
contig_1459_CDS_0013,55.20000076293945
contig_1459_CDS_0014,56.619998931884766
contig_1459_CDS_0015,62.959999084472656
contig_1459_CDS_0016,57.560001373291016
contig_1459_CDS_0017,49.220001220703125
contig_1459_CDS_0018,86.16000366210938
contig_1459_CDS_0019,67.0
contig_1459_CDS_0020,86.37000274658203
contig_1459_CDS_0021,42.58000183105469
contig_1459_CDS_0022,62.5099983215332
contig_1459_CDS_0023,71.44000244140625
contig_1459_CDS_0024,45.380001068115234
contig_1459_CDS_0025,66.16000366210938
contig_1459_CDS_0026,55.810001373291016
contig_1459_CDS_0027,44.9900016784668
contig_1459_CDS_0028,52.7599983215332
contig_1459_CDS_0029,86.7300033569336
contig_1459_CDS_0030,42.72999954223633
contig_1459_CDS_0031,37.439998626708984
contig_1459_CDS_0032,51.06999969482422
contig_1459_CDS_0033,42.9900016784668
contig_1459_CDS_0034,53.310001373291016
contig_1459_CDS_0035,74.62999725341797
contig_1459_CDS_0036,67.55999755859375
contig_1459_CDS_0037,76.22000122070312
contig_1459_CDS_0038,54.869998931884766
contig_1459_CDS_0039,36.709999084472656
contig_1459_CDS_0040,58.439998626708984
contig_1459_CDS_0041,73.93000030517578
contig_1459_CDS_0042,82.41000366210938
contig_1459_CDS_0043,34.650001525878906
contig_1459_CDS_0044,71.29000091552734
contig_1459_CDS_0045,41.25
contig_1459_CDS_0046,61.209999084472656
contig_1459_CDS_0047,38.220001220703125
contig_1459_CDS_0048,68.94999694824219
contig_1459_CDS_0049,53.65999984741211
contig_1459_CDS_0050,43.38999938964844
contig_1459_CDS_0051,80.51000213623047
contig_1459_CDS_0052,50.2400016784668
contig_1459_CDS_0053,52.5
contig_1459_CDS_0054,72.22000122070312
contig_1459_CDS_0055,54.099998474121094
contig_1459_CDS_0056,53.720001220703125
contig_1459_CDS_0057,48.279998779296875
contig_1459_CDS_0058,58.15999984741211
contig_1459_CDS_0059,80.30999755859375
contig_1459_CDS_0060,56.47999954223633
contig_1459_CDS_0061,81.62000274658203
contig_1459_CDS_0062,49.470001220703125
contig_1459_CDS_0063,45.560001373291016
contig_1459_CDS_0064,44.0
contig_1459_CDS_0065,51.41999816894531
contig_1459_CDS_0066,56.02000045776367
contig_1459_CDS_0067,66.51000213623047
contig_1459_CDS_0068,50.41999816894531
contig_1459_CDS_0069,48.9900016784668
contig_1460_CDS_0001,60.029998779296875
contig_1460_CDS_0002,53.849998474121094
contig_1460_CDS_0003,45.58000183105469
contig_1460_CDS_0004,78.41999816894531
contig_1460_CDS_0005,60.2400016784668
contig_1460_CDS_0006,52.47999954223633
contig_1460_CDS_0007,41.58000183105469
contig_1460_CDS_0008,48.470001220703125
contig_1460_CDS_0009,82.06999969482422
contig_1460_CDS_0010,58.810001373291016
contig_1460_CDS_0011,56.630001068115234
contig_1460_CDS_0012,47.41999816894531
contig_1460_CDS_0013,44.38999938964844
contig_1460_CDS_0014,58.619998931884766
contig_1460_CDS_0015,39.63999938964844
contig_1460_CDS_0016,54.27000045776367
contig_1460_CDS_0017,61.58000183105469
contig_1460_CDS_0018,40.02000045776367
contig_1460_CDS_0019,41.54999923706055
contig_1460_CDS_0020,87.44999694824219
contig_1460_CDS_0021,49.970001220703125
contig_1460_CDS_0022,54.810001373291016
contig_1460_CDS_0023,34.27000045776367
contig_1460_CDS_0024,50.63999938964844
contig_1460_CDS_0025,35.130001068115234
contig_1460_CDS_0026,80.3499984741211
contig_1460_CDS_0027,43.779998779296875
contig_1460_CDS_0028,47.099998474121094
contig_1460_CDS_0029,64.80999755859375
contig_1460_CDS_0030,51.34000015258789
contig_1460_CDS_0031,41.540000915527344
contig_1460_CDS_0032,36.060001373291016
contig_1460_CDS_0033,47.720001220703125
contig_1460_CDS_0034,64.43000030517578
contig_1460_CDS_0035,63.31999969482422
contig_1460_CDS_0036,75.37999725341797
contig_1460_CDS_0037,72.22000122070312
contig_1460_CDS_0038,89.77999877929688
contig_1460_CDS_0039,49.90999984741211
contig_1460_CDS_0040,50.2599983215332
contig_1460_CDS_0041,81.23999786376953
contig_1460_CDS_0042,76.55999755859375
contig_1460_CDS_0043,55.79999923706055
contig_1460_CDS_0044,78.91999816894531
contig_1460_CDS_0045,40.810001373291016
contig_1460_CDS_0046,66.16999816894531
contig_1460_CDS_0047,49.650001525878906
contig_1460_CDS_0048,70.7300033569336
contig_1460_CDS_0049,63.810001373291016
contig_1460_CDS_0050,61.13999938964844
contig_1460_CDS_0051,35.91999816894531
contig_1460_CDS_0052,33.220001220703125
contig_1460_CDS_0053,39.22999954223633
contig_1460_CDS_0054,49.15999984741211
contig_1460_CDS_0055,56.31999969482422
contig_1460_CDS_0056,49.54999923706055
contig_1460_CDS_0057,39.099998474121094
contig_1460_CDS_0058,68.62000274658203
contig_1460_CDS_0059,68.97000122070312
contig_1460_CDS_0060,38.779998779296875
contig_1460_CDS_0061,63.91999816894531
contig_1460_CDS_0062,43.77000045776367
contig_1460_CDS_0063,72.02999877929688
contig_1460_CDS_0064,36.91999816894531
contig_1460_CDS_0065,54.5099983215332
contig_1460_CDS_0066,42.90999984741211
contig_1460_CDS_0067,73.33999633789062
contig_1460_CDS_0068,61.459999084472656
contig_200_CDS_0001,69.9000015258789
contig_200_CDS_0002,59.029998779296875
contig_200_CDS_0003,52.18000030517578
contig_200_CDS_0004,74.2699966430664
contig_200_CDS_0005,84.94999694824219
contig_200_CDS_0006,42.900001525878906
contig_200_CDS_0007,38.779998779296875
contig_200_CDS_0008,35.939998626708984
contig_200_CDS_0009,57.459999084472656
contig_200_CDS_0010,57.13999938964844
contig_200_CDS_0011,62.36000061035156
contig_200_CDS_0012,66.4800033569336
contig_200_CDS_0013,67.16000366210938
contig_200_CDS_0014,55.59000015258789
contig_200_CDS_0015,57.2400016784668
contig_200_CDS_0016,60.810001373291016
contig_200_CDS_0017,55.86000061035156
contig_200_CDS_0018,51.689998626708984
contig_200_CDS_0019,73.04000091552734
contig_200_CDS_0020,56.279998779296875
contig_200_CDS_0021,43.36000061035156
contig_200_CDS_0022,66.62999725341797
contig_200_CDS_0023,56.72999954223633
contig_200_CDS_0024,52.040000915527344
contig_200_CDS_0025,86.41999816894531
contig_200_CDS_0026,58.81999969482422
contig_200_CDS_0027,45.209999084472656
contig_200_CDS_0028,42.43000030517578
contig_200_CDS_0029,57.279998779296875
contig_200_CDS_0030,49.72999954223633
contig_200_CDS_0031,57.2400016784668
contig_200_CDS_0032,60.720001220703125
contig_200_CDS_0033,58.54999923706055
contig_200_CDS_0034,65.4000015258789
contig_200_CDS_0035,53.709999084472656
contig_200_CDS_0036,85.16999816894531
contig_200_CDS_0037,47.86000061035156
contig_200_CDS_0038,55.63999938964844
contig_200_CDS_0039,62.91999816894531
contig_200_CDS_0040,68.47000122070312
contig_200_CDS_0041,63.43000030517578
contig_200_CDS_0042,74.91999816894531
contig_200_CDS_0043,50.650001525878906
contig_200_CDS_0044,44.31999969482422
contig_200_CDS_0045,56.0099983215332
contig_200_CDS_0046,50.47999954223633
contig_200_CDS_0047,69.73999786376953
contig_200_CDS_0048,55.0
contig_200_CDS_0049,52.849998474121094
contig_200_CDS_0050,69.37000274658203
contig_200_CDS_0051,61.310001373291016
contig_200_CDS_0052,69.83000183105469
contig_200_CDS_0053,58.65999984741211
contig_200_CDS_0054,35.83000183105469
contig_200_CDS_0055,61.38999938964844
contig_200_CDS_0056,66.93000030517578
contig_200_CDS_0057,88.55000305175781
contig_200_CDS_0058,41.119998931884766
contig_200_CDS_0059,51.31999969482422
contig_200_CDS_0060,56.11000061035156
contig_200_CDS_0061,71.04000091552734
contig_200_CDS_0062,54.59000015258789
contig_200_CDS_0063,50.060001373291016
contig_200_CDS_0064,63.66999816894531
contig_200_CDS_0065,70.9800033569336
contig_200_CDS_0066,89.16000366210938
contig_200_CDS_0067,56.310001373291016
contig_200_CDS_0068,61.220001220703125
contig_200_CDS_0069,56.13999938964844
contig_200_CDS_0070,62.31999969482422
contig_200_CDS_0071,46.2599983215332
contig_200_CDS_0072,59.11000061035156
contig_200_CDS_0073,55.58000183105469
contig_200_CDS_0074,79.97000122070312
contig_200_CDS_0075,69.91999816894531
contig_200_CDS_0076,40.58000183105469
contig_200_CDS_0077,64.06999969482422
contig_200_CDS_0078,38.75
contig_200_CDS_0079,47.779998779296875
contig_200_CDS_0080,79.5999984741211
contig_200_CDS_0081,46.959999084472656
contig_200_CDS_0082,39.33000183105469
contig_200_CDS_0083,47.029998779296875
contig_200_CDS_0084,49.09000015258789
contig_200_CDS_0085,76.87999725341797
contig_200_CDS_0086,42.31999969482422
contig_200_CDS_0087,62.15999984741211
contig_200_CDS_0088,67.63999938964844
contig_200_CDS_0089,46.7599983215332
contig_200_CDS_0090,57.630001068115234
contig_200_CDS_0091,43.58000183105469
contig_200_CDS_0092,50.0
contig_200_CDS_0093,72.43000030517578
contig_200_CDS_0094,48.380001068115234
contig_200_CDS_0095,54.650001525878906
contig_200_CDS_0096,42.5099983215332
contig_200_CDS_0097,51.93000030517578
contig_200_CDS_0098,40.7400016784668
contig_200_CDS_0099,42.029998779296875
contig_200_CDS_0100,37.709999084472656
contig_200_CDS_0101,67.36000061035156
contig_200_CDS_0102,73.01000213623047
contig_200_CDS_0103,60.130001068115234
contig_200_CDS_0104,39.650001525878906
contig_200_CDS_0105,76.18000030517578
contig_200_CDS_0106,56.029998779296875
contig_200_CDS_0107,51.439998626708984
contig_200_CDS_0108,37.439998626708984
contig_200_CDS_0109,54.939998626708984
contig_200_CDS_0110,66.20999908447266
contig_200_CDS_0111,43.63999938964844
contig_200_CDS_0112,56.150001525878906
contig_200_CDS_0113,55.20000076293945
contig_200_CDS_0114,64.52999877929688
contig_200_CDS_0115,69.13999938964844
contig_200_CDS_0116,48.75
contig_200_CDS_0117,62.939998626708984
contig_200_CDS_0118,52.79999923706055
contig_200_CDS_0119,46.91999816894531
contig_200_CDS_0120,77.7699966430664
contig_200_CDS_0121,64.91999816894531
contig_200_CDS_0122,44.02000045776367
contig_200_CDS_0123,57.83000183105469
contig_200_CDS_0124,67.11000061035156
contig_200_CDS_0125,44.5099983215332
contig_200_CDS_0126,40.849998474121094
contig_200_CDS_0127,64.0999984741211
contig_200_CDS_0128,66.31999969482422
contig_200_CDS_0129,54.560001373291016
contig_200_CDS_0130,44.59000015258789
contig_200_CDS_0131,69.2699966430664
contig_200_CDS_0132,39.720001220703125
contig_200_CDS_0133,37.33000183105469
contig_200_CDS_0134,47.099998474121094
contig_200_CDS_0135,52.220001220703125
contig_200_CDS_0136,44.400001525878906
contig_200_CDS_0137,53.2400016784668
contig_200_CDS_0138,60.97999954223633
contig_200_CDS_0139,51.52000045776367
contig_200_CDS_0140,37.86000061035156
contig_200_CDS_0141,67.66000366210938
contig_200_CDS_0142,51.2400016784668
contig_200_CDS_0143,59.38999938964844
contig_200_CDS_0144,66.37999725341797
contig_200_CDS_0145,54.2599983215332
contig_200_CDS_0146,66.19999694824219
contig_200_CDS_0147,66.97000122070312
contig_200_CDS_0148,69.13999938964844
contig_200_CDS_0149,69.4800033569336
contig_200_CDS_0150,77.30000305175781
contig_200_CDS_0151,71.19999694824219
contig_200_CDS_0152,66.58000183105469
contig_200_CDS_0153,70.44000244140625
contig_200_CDS_0154,59.36000061035156
contig_200_CDS_0155,60.779998779296875
contig_200_CDS_0156,41.56999969482422
contig_200_CDS_0157,50.47999954223633
contig_200_CDS_0158,35.310001373291016
contig_200_CDS_0159,44.08000183105469
contig_200_CDS_0160,36.279998779296875
contig_200_CDS_0161,49.59000015258789
contig_200_CDS_0162,48.630001068115234
contig_200_CDS_0163,51.79999923706055
contig_200_CDS_0164,51.689998626708984
contig_200_CDS_0165,88.87000274658203
contig_200_CDS_0166,42.20000076293945
contig_200_CDS_0167,51.400001525878906
contig_200_CDS_0168,39.779998779296875
contig_200_CDS_0169,80.04000091552734
contig_200_CDS_0170,52.560001373291016
contig_200_CDS_0171,49.689998626708984
contig_200_CDS_0172,70.16000366210938
contig_200_CDS_0173,50.84000015258789
contig_200_CDS_0174,69.05999755859375
contig_200_CDS_0175,29.68000030517578
contig_200_CDS_0176,51.7400016784668
contig_200_CDS_0177,66.38999938964844
contig_200_CDS_0178,54.93000030517578
contig_200_CDS_0179,67.2699966430664
contig_200_CDS_0180,51.029998779296875
contig_200_CDS_0181,87.23999786376953
contig_200_CDS_0182,88.33000183105469
contig_200_CDS_0183,68.44999694824219
contig_200_CDS_0184,64.94999694824219
contig_200_CDS_0185,67.0199966430664
contig_200_CDS_0186,71.63999938964844
contig_200_CDS_0187,84.97000122070312
contig_200_CDS_0188,60.86000061035156
contig_200_CDS_0189,75.7699966430664
contig_200_CDS_0190,71.01000213623047
contig_200_CDS_0191,72.33999633789062
contig_200_CDS_0192,73.97000122070312
contig_200_CDS_0193,77.12999725341797
contig_200_CDS_0194,85.97000122070312
contig_200_CDS_0195,66.26000213623047
contig_200_CDS_0196,86.22000122070312
contig_200_CDS_0197,52.0099983215332
contig_200_CDS_0198,54.34000015258789
contig_200_CDS_0199,62.869998931884766
contig_200_CDS_0200,51.56999969482422
contig_200_CDS_0201,58.9900016784668
contig_200_CDS_0202,84.75
contig_200_CDS_0203,55.4900016784668
contig_200_CDS_0204,48.95000076293945
contig_200_CDS_0205,46.68000030517578
contig_200_CDS_0206,51.06999969482422
contig_200_CDS_0207,37.599998474121094
contig_200_CDS_0208,55.56999969482422
contig_200_CDS_0209,53.70000076293945
contig_200_CDS_0210,34.66999816894531
contig_200_CDS_0211,44.040000915527344
contig_200_CDS_0212,45.91999816894531
contig_200_CDS_0213,47.20000076293945
contig_200_CDS_0214,46.20000076293945
contig_200_CDS_0215,57.040000915527344
contig_200_CDS_0216,58.470001220703125
contig_200_CDS_0217,44.86000061035156
contig_200_CDS_0218,58.31999969482422
contig_200_CDS_0219,35.47999954223633
contig_200_CDS_0220,50.459999084472656
contig_200_CDS_0221,50.34000015258789
contig_200_CDS_0222,59.27000045776367
contig_200_CDS_0223,56.869998931884766
contig_200_CDS_0224,44.400001525878906
contig_200_CDS_0225,54.91999816894531
contig_200_CDS_0226,59.52000045776367
contig_200_CDS_0227,47.310001373291016
contig_200_CDS_0228,77.5
contig_200_CDS_0229,63.20000076293945
contig_200_CDS_0230,69.72000122070312
contig_200_CDS_0231,61.290000915527344
contig_200_CDS_0232,65.22000122070312
contig_200_CDS_0233,57.880001068115234
contig_200_CDS_0234,56.09000015258789
contig_200_CDS_0235,78.69999694824219
contig_200_CDS_0236,64.06999969482422
contig_200_CDS_0237,44.63999938964844
contig_200_CDS_0238,71.80999755859375
contig_200_CDS_0239,59.25
contig_200_CDS_0240,43.0099983215332
contig_200_CDS_0241,81.44000244140625
contig_200_CDS_0242,48.52000045776367
contig_200_CDS_0243,33.93000030517578
contig_200_CDS_0244,66.83999633789062
contig_200_CDS_0245,41.72999954223633
contig_200_CDS_0246,53.68000030517578
contig_200_CDS_0247,41.220001220703125
contig_200_CDS_0248,45.630001068115234
contig_200_CDS_0249,52.040000915527344
contig_200_CDS_0250,67.25
contig_200_CDS_0251,54.529998779296875
contig_200_CDS_0252,73.04000091552734
contig_200_CDS_0253,39.220001220703125
contig_200_CDS_0254,71.83999633789062
contig_200_CDS_0255,47.65999984741211
contig_200_CDS_0256,37.16999816894531
contig_200_CDS_0257,40.27000045776367
contig_200_CDS_0258,44.65999984741211
contig_200_CDS_0259,44.650001525878906
contig_200_CDS_0260,66.87999725341797
contig_200_CDS_0261,38.470001220703125
contig_200_CDS_0262,74.7300033569336
contig_200_CDS_0263,70.18000030517578
contig_200_CDS_0264,43.0
contig_200_CDS_0265,54.02000045776367
contig_200_CDS_0266,35.79999923706055
contig_200_CDS_0267,63.310001373291016
contig_200_CDS_0268,76.2699966430664
contig_200_CDS_0269,58.45000076293945
contig_200_CDS_0270,72.87999725341797
contig_200_CDS_0271,50.369998931884766
contig_200_CDS_0272,56.81999969482422
contig_200_CDS_0273,50.560001373291016
contig_200_CDS_0274,82.48999786376953
contig_200_CDS_0275,58.0
contig_200_CDS_0276,42.08000183105469
contig_200_CDS_0277,70.6500015258789
contig_200_CDS_0278,54.91999816894531
contig_200_CDS_0279,52.88999938964844
contig_200_CDS_0280,57.650001525878906
contig_200_CDS_0281,61.779998779296875
contig_200_CDS_0282,44.27000045776367
contig_200_CDS_0283,88.27999877929688
contig_200_CDS_0284,69.33999633789062
contig_200_CDS_0285,68.01000213623047
contig_200_CDS_0286,79.4000015258789
contig_200_CDS_0287,53.97999954223633
contig_200_CDS_0288,66.12999725341797
contig_200_CDS_0289,55.45000076293945
contig_200_CDS_0290,54.79999923706055
contig_200_CDS_0291,65.19000244140625
contig_200_CDS_0292,55.08000183105469
contig_200_CDS_0293,56.119998931884766
contig_200_CDS_0294,60.650001525878906
contig_200_CDS_0295,75.56999969482422
contig_200_CDS_0296,59.689998626708984
contig_200_CDS_0297,87.29000091552734
contig_200_CDS_0298,52.58000183105469
contig_200_CDS_0299,31.31999969482422
contig_200_CDS_0300,77.25
contig_200_CDS_0301,50.72999954223633
contig_200_CDS_0302,69.80000305175781
contig_200_CDS_0303,61.25
contig_200_CDS_0304,54.040000915527344
contig_200_CDS_0305,41.95000076293945
contig_200_CDS_0306,49.20000076293945
contig_200_CDS_0307,43.380001068115234
contig_200_CDS_0308,78.77999877929688
contig_200_CDS_0309,45.2599983215332
contig_200_CDS_0310,49.11000061035156
contig_200_CDS_0311,59.869998931884766
contig_200_CDS_0312,41.02000045776367
contig_200_CDS_0313,80.98999786376953
contig_200_CDS_0314,55.56999969482422
contig_200_CDS_0315,58.619998931884766
contig_200_CDS_0316,65.44999694824219
contig_200_CDS_0317,47.119998931884766
contig_200_CDS_0318,44.36000061035156
contig_200_CDS_0319,86.22000122070312
contig_200_CDS_0320,65.58999633789062
contig_200_CDS_0321,69.54000091552734
contig_200_CDS_0322,71.44000244140625
contig_200_CDS_0323,74.56999969482422
contig_200_CDS_0324,68.33999633789062
contig_200_CDS_0325,69.97000122070312
contig_200_CDS_0326,62.9900016784668
contig_200_CDS_0327,62.380001068115234
contig_200_CDS_0328,54.13999938964844
contig_200_CDS_0329,53.84000015258789
contig_200_CDS_0330,90.01000213623047
contig_200_CDS_0331,47.060001373291016
contig_200_CDS_0332,58.11000061035156
contig_267_CDS_0001,71.06999969482422
contig_267_CDS_0002,39.77000045776367
contig_267_CDS_0003,72.7699966430664
contig_267_CDS_0004,87.3499984741211
contig_267_CDS_0005,34.439998626708984
contig_267_CDS_0006,58.59000015258789
contig_267_CDS_0007,68.86000061035156
contig_267_CDS_0008,66.44999694824219
contig_267_CDS_0009,51.15999984741211
contig_267_CDS_0010,61.40999984741211
contig_267_CDS_0011,51.27000045776367
contig_267_CDS_0012,67.26000213623047
contig_267_CDS_0013,34.970001220703125
contig_267_CDS_0014,64.83000183105469
contig_267_CDS_0015,76.7300033569336
contig_267_CDS_0016,58.04999923706055
contig_267_CDS_0017,73.6500015258789
contig_267_CDS_0018,67.47000122070312
contig_267_CDS_0019,87.47000122070312
contig_267_CDS_0020,48.369998931884766
contig_267_CDS_0021,92.0
contig_267_CDS_0022,77.5199966430664
contig_267_CDS_0023,68.91000366210938
contig_267_CDS_0024,97.33999633789062
contig_267_CDS_0025,86.80999755859375
contig_267_CDS_0026,97.37999725341797
contig_267_CDS_0027,79.16999816894531
contig_267_CDS_0028,62.099998474121094
contig_267_CDS_0029,54.939998626708984
contig_267_CDS_0030,62.7400016784668
contig_267_CDS_0031,49.08000183105469
contig_267_CDS_0032,61.84000015258789
contig_267_CDS_0033,66.22000122070312
contig_267_CDS_0034,77.87999725341797
contig_267_CDS_0035,88.30000305175781
contig_267_CDS_0036,87.11000061035156
contig_267_CDS_0037,72.4000015258789
contig_267_CDS_0038,74.05999755859375
contig_267_CDS_0039,71.25
contig_267_CDS_0040,97.0
contig_267_CDS_0041,87.26000213623047
contig_267_CDS_0042,79.83999633789062
contig_267_CDS_0043,88.55999755859375
contig_267_CDS_0044,47.029998779296875
contig_267_CDS_0045,77.86000061035156
contig_267_CDS_0046,61.70000076293945
contig_267_CDS_0047,37.93000030517578
contig_267_CDS_0048,71.12000274658203
contig_267_CDS_0049,80.87999725341797
contig_267_CDS_0050,51.540000915527344
contig_267_CDS_0051,75.27999877929688
contig_267_CDS_0052,77.77999877929688
contig_267_CDS_0053,49.349998474121094
contig_267_CDS_0054,57.2400016784668
contig_267_CDS_0055,42.119998931884766
contig_267_CDS_0056,71.2699966430664
contig_267_CDS_0057,47.900001525878906
contig_267_CDS_0058,66.38999938964844
contig_267_CDS_0059,61.130001068115234
contig_267_CDS_0060,66.94999694824219
contig_267_CDS_0061,77.2300033569336
contig_267_CDS_0062,75.62000274658203
contig_267_CDS_0063,56.279998779296875
contig_267_CDS_0064,71.88999938964844
contig_267_CDS_0065,85.94000244140625
contig_267_CDS_0066,55.459999084472656
contig_267_CDS_0067,90.2699966430664
contig_267_CDS_0068,59.40999984741211
contig_267_CDS_0069,77.18000030517578
contig_267_CDS_0070,59.61000061035156
contig_267_CDS_0071,76.80000305175781
contig_267_CDS_0072,62.150001525878906
contig_267_CDS_0073,77.79000091552734
contig_267_CDS_0074,91.37999725341797
contig_267_CDS_0075,73.91999816894531
contig_267_CDS_0076,64.1500015258789
contig_267_CDS_0077,67.47000122070312
contig_267_CDS_0078,88.86000061035156
contig_267_CDS_0079,66.44999694824219
contig_267_CDS_0080,92.11000061035156
contig_267_CDS_0081,70.43000030517578
contig_267_CDS_0082,72.20999908447266
contig_267_CDS_0083,82.37000274658203
contig_267_CDS_0084,94.7699966430664
contig_267_CDS_0085,65.13999938964844
contig_267_CDS_0086,64.4800033569336
contig_267_CDS_0087,63.790000915527344
contig_267_CDS_0088,95.7300033569336
contig_267_CDS_0089,98.5199966430664
contig_267_CDS_0090,72.37999725341797
contig_267_CDS_0091,83.2300033569336
contig_267_CDS_0092,74.9800033569336
contig_267_CDS_0093,81.33000183105469
contig_267_CDS_0094,53.7599983215332
contig_267_CDS_0095,95.0
contig_267_CDS_0096,88.83999633789062
contig_267_CDS_0097,47.560001373291016
contig_267_CDS_0098,62.900001525878906
contig_267_CDS_0099,36.02000045776367
contig_267_CDS_0100,87.37999725341797
contig_267_CDS_0101,93.8499984741211
contig_267_CDS_0102,54.279998779296875
contig_267_CDS_0103,87.68000030517578
contig_267_CDS_0104,57.939998626708984
contig_267_CDS_0105,75.62999725341797
contig_267_CDS_0106,84.19000244140625
contig_267_CDS_0107,57.95000076293945
contig_267_CDS_0108,61.31999969482422
contig_267_CDS_0109,82.81999969482422
contig_267_CDS_0110,44.36000061035156
contig_267_CDS_0111,55.869998931884766
contig_267_CDS_0112,88.5199966430664
contig_267_CDS_0113,51.9900016784668
contig_267_CDS_0114,54.869998931884766
contig_267_CDS_0115,91.5999984741211
contig_267_CDS_0116,84.72000122070312
contig_267_CDS_0117,56.0099983215332
contig_267_CDS_0118,53.36000061035156
contig_267_CDS_0119,76.86000061035156
contig_267_CDS_0120,82.63999938964844
contig_267_CDS_0121,97.30000305175781
contig_267_CDS_0122,91.76000213623047
contig_267_CDS_0123,96.86000061035156
contig_267_CDS_0124,76.30999755859375
contig_267_CDS_0125,91.19000244140625
contig_267_CDS_0126,77.02999877929688
contig_267_CDS_0127,91.2699966430664
contig_267_CDS_0128,71.54000091552734
contig_267_CDS_0129,54.08000183105469
contig_267_CDS_0130,93.0
contig_267_CDS_0131,61.4900016784668
contig_267_CDS_0132,49.16999816894531
contig_267_CDS_0133,41.849998474121094
contig_267_CDS_0134,83.52999877929688
contig_267_CDS_0135,72.62000274658203
contig_267_CDS_0136,64.9000015258789
contig_267_CDS_0137,77.2300033569336
contig_267_CDS_0138,57.689998626708984
contig_267_CDS_0139,72.33000183105469
contig_267_CDS_0140,65.97000122070312
contig_267_CDS_0141,52.810001373291016
contig_267_CDS_0142,65.80999755859375
contig_267_CDS_0143,58.86000061035156
contig_267_CDS_0144,52.0099983215332
contig_267_CDS_0145,45.77000045776367
contig_267_CDS_0146,58.099998474121094
contig_267_CDS_0147,53.5099983215332
contig_267_CDS_0148,44.27000045776367
contig_267_CDS_0149,95.66000366210938
contig_267_CDS_0150,70.80999755859375
contig_267_CDS_0151,52.560001373291016
contig_267_CDS_0152,64.83999633789062
contig_267_CDS_0153,40.59000015258789
contig_267_CDS_0154,52.869998931884766
contig_267_CDS_0155,42.56999969482422
contig_267_CDS_0156,85.44000244140625
contig_267_CDS_0157,64.88999938964844
contig_267_CDS_0158,46.650001525878906
contig_267_CDS_0159,49.279998779296875
contig_267_CDS_0160,80.01000213623047
contig_267_CDS_0161,64.05000305175781
contig_267_CDS_0162,76.30999755859375
contig_267_CDS_0163,84.05999755859375
contig_267_CDS_0164,84.61000061035156
contig_267_CDS_0165,94.98999786376953
contig_267_CDS_0166,83.36000061035156
contig_267_CDS_0167,54.18000030517578
contig_267_CDS_0168,63.869998931884766
contig_267_CDS_0169,37.72999954223633
contig_267_CDS_0170,62.56999969482422
contig_267_CDS_0171,49.529998779296875
contig_267_CDS_0172,69.58000183105469
contig_267_CDS_0173,92.05000305175781
contig_267_CDS_0174,52.779998779296875
contig_267_CDS_0175,82.66000366210938
contig_267_CDS_0176,44.209999084472656
contig_267_CDS_0177,68.56999969482422
contig_267_CDS_0178,47.09000015258789
contig_267_CDS_0179,58.900001525878906
contig_267_CDS_0180,52.650001525878906
contig_267_CDS_0181,92.19999694824219
contig_267_CDS_0182,62.650001525878906
contig_267_CDS_0183,51.560001373291016
contig_267_CDS_0184,64.8499984741211
contig_267_CDS_0185,38.040000915527344
contig_267_CDS_0186,89.27999877929688
contig_267_CDS_0187,63.29999923706055
contig_267_CDS_0188,66.12999725341797
contig_267_CDS_0189,67.98999786376953
contig_267_CDS_0190,48.06999969482422
contig_267_CDS_0191,48.70000076293945
contig_267_CDS_0192,85.7699966430664
contig_267_CDS_0193,44.52000045776367
contig_267_CDS_0194,75.9800033569336
contig_267_CDS_0195,52.720001220703125
contig_267_CDS_0196,43.970001220703125
contig_267_CDS_0197,51.290000915527344
contig_267_CDS_0198,72.58999633789062
contig_267_CDS_0199,59.29999923706055
contig_267_CDS_0200,86.06999969482422
contig_267_CDS_0201,34.119998931884766
contig_267_CDS_0202,57.16999816894531
contig_267_CDS_0203,41.060001373291016
contig_267_CDS_0204,98.20999908447266
contig_267_CDS_0205,88.62000274658203
contig_267_CDS_0206,80.36000061035156
contig_267_CDS_0207,88.98999786376953
contig_267_CDS_0208,72.94000244140625
contig_267_CDS_0209,50.119998931884766
contig_267_CDS_0210,79.5999984741211
contig_267_CDS_0211,68.01000213623047
contig_267_CDS_0212,58.29999923706055
contig_267_CDS_0213,56.59000015258789
contig_267_CDS_0214,90.12000274658203
contig_267_CDS_0215,83.43000030517578
contig_267_CDS_0216,94.68000030517578
contig_267_CDS_0217,82.5199966430664
contig_267_CDS_0218,58.90999984741211
contig_267_CDS_0219,45.52000045776367
contig_267_CDS_0220,64.6500015258789
contig_267_CDS_0221,84.58000183105469
contig_267_CDS_0222,74.3499984741211
contig_267_CDS_0223,95.94000244140625
contig_267_CDS_0224,60.45000076293945
contig_267_CDS_0225,72.8499984741211
contig_267_CDS_0226,84.63999938964844
contig_267_CDS_0227,92.58999633789062
contig_267_CDS_0228,41.88999938964844
contig_267_CDS_0229,58.54999923706055
contig_267_CDS_0230,66.73999786376953
contig_267_CDS_0231,47.65999984741211
contig_267_CDS_0232,79.9000015258789
contig_267_CDS_0233,71.29000091552734
contig_267_CDS_0234,40.77000045776367
contig_267_CDS_0235,87.37000274658203
contig_267_CDS_0236,83.12999725341797
contig_267_CDS_0237,60.040000915527344
contig_267_CDS_0238,59.029998779296875
contig_267_CDS_0239,69.05000305175781
contig_267_CDS_0240,57.88999938964844
contig_267_CDS_0241,64.33000183105469
contig_267_CDS_0242,86.04000091552734
contig_267_CDS_0243,40.97999954223633
contig_267_CDS_0244,97.3499984741211
contig_267_CDS_0245,71.2300033569336
contig_267_CDS_0246,73.16999816894531
contig_267_CDS_0247,78.08000183105469
contig_267_CDS_0248,48.220001220703125
contig_267_CDS_0249,88.70999908447266
contig_267_CDS_0250,50.75
contig_267_CDS_0251,88.87999725341797
contig_267_CDS_0252,73.12999725341797
contig_267_CDS_0253,62.880001068115234
contig_267_CDS_0254,57.130001068115234
contig_267_CDS_0255,46.5
contig_267_CDS_0256,81.4800033569336
contig_267_CDS_0257,51.31999969482422
contig_267_CDS_0258,75.38999938964844
contig_267_CDS_0259,63.970001220703125
contig_267_CDS_0260,89.41999816894531
contig_267_CDS_0261,57.45000076293945
contig_267_CDS_0262,53.2599983215332
contig_267_CDS_0263,63.880001068115234
contig_267_CDS_0264,73.5
contig_267_CDS_0265,51.58000183105469
contig_267_CDS_0266,45.130001068115234
contig_267_CDS_0267,44.70000076293945
contig_267_CDS_0268,87.30000305175781
contig_267_CDS_0269,61.38999938964844
contig_267_CDS_0270,93.18000030517578
contig_267_CDS_0271,58.220001220703125
contig_267_CDS_0272,60.310001373291016
contig_267_CDS_0273,50.040000915527344
contig_267_CDS_0274,90.44000244140625
contig_267_CDS_0275,75.66000366210938
contig_267_CDS_0276,65.62999725341797
contig_267_CDS_0277,64.8499984741211
contig_267_CDS_0278,42.790000915527344
contig_267_CDS_0279,67.69000244140625
contig_267_CDS_0280,61.59000015258789
contig_267_CDS_0281,92.5999984741211
contig_267_CDS_0282,71.75
contig_267_CDS_0283,51.88999938964844
contig_267_CDS_0284,62.38999938964844
contig_400_CDS_0001,57.130001068115234
contig_400_CDS_0002,62.689998626708984
contig_400_CDS_0003,35.5
contig_400_CDS_0004,66.58000183105469
contig_400_CDS_0005,89.08000183105469
contig_400_CDS_0006,62.27000045776367
contig_400_CDS_0007,45.97999954223633
contig_400_CDS_0008,37.33000183105469
contig_400_CDS_0009,49.869998931884766
contig_400_CDS_0010,73.25
contig_400_CDS_0011,38.11000061035156
contig_400_CDS_0012,71.81999969482422
contig_400_CDS_0013,74.81999969482422
contig_400_CDS_0014,38.08000183105469
contig_400_CDS_0015,29.950000762939453
contig_400_CDS_0016,64.30000305175781
contig_400_CDS_0017,61.810001373291016
contig_400_CDS_0018,38.91999816894531
contig_400_CDS_0019,56.119998931884766
contig_400_CDS_0020,63.65999984741211
contig_400_CDS_0021,38.540000915527344
contig_400_CDS_0022,72.11000061035156
contig_400_CDS_0023,55.54999923706055
contig_400_CDS_0024,53.84000015258789
contig_400_CDS_0025,69.43000030517578
contig_400_CDS_0026,65.48999786376953
contig_400_CDS_0027,56.380001068115234
contig_400_CDS_0028,56.689998626708984
contig_400_CDS_0029,56.439998626708984
contig_400_CDS_0030,39.08000183105469
contig_400_CDS_0031,56.119998931884766
contig_400_CDS_0032,69.30000305175781
contig_400_CDS_0033,75.68000030517578
contig_400_CDS_0034,69.76000213623047
contig_400_CDS_0035,54.04999923706055
contig_400_CDS_0036,41.45000076293945
contig_400_CDS_0037,60.41999816894531
contig_400_CDS_0038,42.36000061035156
contig_400_CDS_0039,35.849998474121094
contig_400_CDS_0040,45.060001373291016
contig_400_CDS_0041,72.93000030517578
contig_400_CDS_0042,50.61000061035156
contig_400_CDS_0043,61.61000061035156
contig_400_CDS_0044,57.040000915527344
contig_400_CDS_0045,61.56999969482422
contig_400_CDS_0046,42.15999984741211
contig_400_CDS_0047,51.20000076293945
contig_400_CDS_0048,60.209999084472656
contig_400_CDS_0049,68.20999908447266
contig_400_CDS_0050,60.20000076293945
contig_400_CDS_0051,49.209999084472656
contig_400_CDS_0052,53.75
contig_400_CDS_0053,56.66999816894531
contig_400_CDS_0054,67.72000122070312
contig_400_CDS_0055,60.86000061035156
contig_400_CDS_0056,75.79000091552734
contig_400_CDS_0057,66.06999969482422
contig_400_CDS_0058,56.04999923706055
contig_400_CDS_0059,59.97999954223633
contig_400_CDS_0060,53.75
contig_400_CDS_0061,74.06999969482422
contig_400_CDS_0062,75.5
contig_58_CDS_0001,50.900001525878906
contig_58_CDS_0002,35.790000915527344
contig_58_CDS_0003,50.63999938964844
contig_58_CDS_0004,55.25
contig_58_CDS_0005,42.38999938964844
contig_58_CDS_0006,56.650001525878906
contig_58_CDS_0007,56.75
contig_58_CDS_0008,65.5199966430664
contig_58_CDS_0009,53.91999816894531
contig_58_CDS_0010,59.22999954223633
contig_58_CDS_0011,58.31999969482422
contig_58_CDS_0012,42.77000045776367
contig_58_CDS_0013,49.75
contig_58_CDS_0014,75.87999725341797
contig_58_CDS_0015,55.41999816894531
contig_58_CDS_0016,75.05000305175781
contig_58_CDS_0017,56.68000030517578
contig_58_CDS_0018,53.36000061035156
contig_58_CDS_0019,51.310001373291016
contig_58_CDS_0020,61.15999984741211
contig_58_CDS_0021,66.19000244140625
contig_58_CDS_0022,55.54999923706055
contig_58_CDS_0023,55.880001068115234
contig_58_CDS_0024,66.56999969482422
contig_58_CDS_0025,87.66999816894531
contig_58_CDS_0026,59.52000045776367
contig_58_CDS_0027,37.619998931884766
contig_58_CDS_0028,44.41999816894531
contig_58_CDS_0029,55.63999938964844
contig_58_CDS_0030,60.310001373291016
contig_58_CDS_0031,65.62999725341797
contig_58_CDS_0032,54.63999938964844
contig_58_CDS_0033,58.33000183105469
contig_58_CDS_0034,70.5999984741211
contig_58_CDS_0035,74.0
contig_58_CDS_0036,36.22999954223633
contig_58_CDS_0037,35.95000076293945
contig_58_CDS_0038,89.44999694824219
contig_58_CDS_0039,45.029998779296875
contig_58_CDS_0040,54.38999938964844
contig_58_CDS_0041,47.290000915527344
contig_58_CDS_0042,57.970001220703125
contig_58_CDS_0043,64.5999984741211
contig_58_CDS_0044,81.12999725341797
contig_58_CDS_0045,42.189998626708984
contig_58_CDS_0046,77.5199966430664
contig_58_CDS_0047,55.0
contig_58_CDS_0048,56.25
contig_58_CDS_0049,53.9900016784668
contig_58_CDS_0050,40.15999984741211
contig_58_CDS_0051,71.05999755859375
contig_58_CDS_0052,34.56999969482422
contig_58_CDS_0053,64.37000274658203
contig_58_CDS_0054,59.959999084472656
contig_58_CDS_0055,51.0099983215332
contig_58_CDS_0056,79.66999816894531
contig_58_CDS_0057,68.9800033569336
contig_58_CDS_0058,68.58000183105469
contig_58_CDS_0059,47.59000015258789
contig_58_CDS_0060,50.7599983215332
contig_58_CDS_0061,56.459999084472656
contig_58_CDS_0062,73.4000015258789
contig_58_CDS_0063,64.18000030517578
contig_58_CDS_0064,59.130001068115234
contig_58_CDS_0065,38.65999984741211
contig_58_CDS_0066,55.439998626708984
contig_58_CDS_0067,63.2599983215332
contig_58_CDS_0068,48.9900016784668
contig_58_CDS_0069,54.70000076293945
contig_58_CDS_0070,47.599998474121094
contig_58_CDS_0071,86.0
contig_58_CDS_0072,73.19000244140625
contig_58_CDS_0073,60.0099983215332
contig_58_CDS_0074,44.2400016784668
contig_58_CDS_0075,69.75
contig_58_CDS_0076,56.70000076293945
contig_58_CDS_0077,63.65999984741211
contig_58_CDS_0078,83.69999694824219
contig_58_CDS_0079,51.560001373291016
contig_58_CDS_0080,52.619998931884766
contig_58_CDS_0081,69.63999938964844
contig_58_CDS_0082,62.4900016784668
contig_58_CDS_0083,76.80999755859375
contig_58_CDS_0084,55.56999969482422
contig_58_CDS_0085,73.30999755859375
contig_58_CDS_0086,41.130001068115234
contig_58_CDS_0087,47.91999816894531
contig_58_CDS_0088,54.66999816894531
contig_58_CDS_0089,55.790000915527344
contig_58_CDS_0090,51.70000076293945
contig_58_CDS_0091,58.16999816894531
contig_58_CDS_0092,60.060001373291016
contig_58_CDS_0093,47.709999084472656
contig_58_CDS_0094,58.779998779296875
contig_58_CDS_0095,59.15999984741211
contig_58_CDS_0096,63.58000183105469
contig_58_CDS_0097,63.45000076293945
contig_58_CDS_0098,59.15999984741211
contig_58_CDS_0099,55.15999984741211
contig_58_CDS_0100,45.72999954223633
contig_58_CDS_0101,51.150001525878906
contig_58_CDS_0102,40.29999923706055
contig_58_CDS_0103,50.970001220703125
contig_58_CDS_0104,85.08000183105469
contig_58_CDS_0105,89.31999969482422
contig_58_CDS_0106,85.25
contig_58_CDS_0107,67.19000244140625
contig_58_CDS_0108,72.62000274658203
contig_58_CDS_0109,69.73999786376953
contig_58_CDS_0110,50.95000076293945
contig_58_CDS_0111,53.04999923706055
contig_58_CDS_0112,59.029998779296875
contig_58_CDS_0113,78.8499984741211
contig_58_CDS_0114,88.37000274658203
contig_58_CDS_0115,31.989999771118164
contig_58_CDS_0116,50.630001068115234
contig_58_CDS_0117,64.43000030517578
contig_58_CDS_0118,56.7400016784668
contig_58_CDS_0119,58.77000045776367
contig_58_CDS_0120,40.04999923706055
contig_58_CDS_0121,65.16000366210938
contig_58_CDS_0122,84.66000366210938
contig_58_CDS_0123,68.2699966430664
contig_58_CDS_0124,55.0
contig_58_CDS_0125,40.47999954223633
contig_58_CDS_0126,48.31999969482422
contig_58_CDS_0127,29.530000686645508
contig_58_CDS_0128,56.540000915527344
contig_58_CDS_0129,67.16000366210938
contig_58_CDS_0130,62.54999923706055
contig_58_CDS_0131,57.689998626708984
contig_58_CDS_0132,78.58000183105469
contig_58_CDS_0133,53.119998931884766
contig_58_CDS_0134,36.13999938964844
contig_58_CDS_0135,83.54000091552734
contig_58_CDS_0136,67.4800033569336
contig_58_CDS_0137,53.79999923706055
contig_58_CDS_0138,52.880001068115234
contig_58_CDS_0139,47.13999938964844
contig_58_CDS_0140,58.09000015258789
contig_58_CDS_0141,59.029998779296875
contig_58_CDS_0142,60.84000015258789
contig_58_CDS_0143,67.70999908447266
contig_58_CDS_0144,46.63999938964844
contig_58_CDS_0145,91.80000305175781
contig_58_CDS_0146,56.2599983215332
contig_58_CDS_0147,38.2400016784668
contig_58_CDS_0148,52.439998626708984
contig_58_CDS_0149,55.560001373291016
contig_58_CDS_0150,64.4000015258789
contig_58_CDS_0151,78.0199966430664
contig_58_CDS_0152,46.34000015258789
contig_58_CDS_0153,56.220001220703125
contig_58_CDS_0154,54.040000915527344
contig_58_CDS_0155,69.0199966430664
contig_58_CDS_0156,52.72999954223633
contig_58_CDS_0157,62.959999084472656
contig_58_CDS_0158,59.869998931884766
contig_58_CDS_0159,68.05000305175781
contig_58_CDS_0160,61.540000915527344
contig_58_CDS_0161,75.72000122070312
contig_58_CDS_0162,46.060001373291016
contig_58_CDS_0163,54.20000076293945
contig_58_CDS_0164,42.290000915527344
contig_58_CDS_0165,52.470001220703125
contig_58_CDS_0166,43.27000045776367
contig_58_CDS_0167,55.11000061035156
contig_58_CDS_0168,46.27000045776367
contig_58_CDS_0169,62.650001525878906
contig_58_CDS_0170,55.09000015258789
contig_58_CDS_0171,61.880001068115234
contig_58_CDS_0172,66.98999786376953
contig_58_CDS_0173,39.779998779296875
contig_58_CDS_0174,52.470001220703125
contig_58_CDS_0175,40.95000076293945
contig_58_CDS_0176,68.79000091552734
contig_58_CDS_0177,57.060001373291016
contig_58_CDS_0178,87.76000213623047
contig_58_CDS_0179,86.69999694824219
contig_58_CDS_0180,64.61000061035156
contig_58_CDS_0181,67.5999984741211
contig_58_CDS_0182,89.72000122070312
contig_58_CDS_0183,64.5999984741211
contig_58_CDS_0184,45.7400016784668
contig_58_CDS_0185,56.4900016784668
contig_58_CDS_0186,65.58999633789062
contig_58_CDS_0187,74.2699966430664
contig_58_CDS_0188,54.150001525878906
contig_58_CDS_0189,62.400001525878906
contig_58_CDS_0190,51.70000076293945
contig_58_CDS_0191,42.77000045776367
contig_58_CDS_0192,57.220001220703125
contig_58_CDS_0193,62.599998474121094
contig_58_CDS_0194,57.63999938964844
contig_58_CDS_0195,56.0
contig_58_CDS_0196,47.560001373291016
contig_58_CDS_0197,70.94000244140625
contig_58_CDS_0198,62.91999816894531
contig_58_CDS_0199,63.93000030517578
contig_58_CDS_0200,47.11000061035156
contig_58_CDS_0201,72.19000244140625
contig_58_CDS_0202,35.16999816894531
contig_58_CDS_0203,59.59000015258789
contig_58_CDS_0204,71.29000091552734
contig_58_CDS_0205,43.279998779296875
contig_58_CDS_0206,36.599998474121094
contig_58_CDS_0207,40.5
contig_58_CDS_0208,68.16999816894531
contig_58_CDS_0209,46.25
contig_58_CDS_0210,49.880001068115234
contig_58_CDS_0211,42.709999084472656
contig_58_CDS_0212,67.3499984741211
contig_58_CDS_0213,55.59000015258789
contig_58_CDS_0214,44.150001525878906
contig_58_CDS_0215,62.470001220703125
contig_58_CDS_0216,45.810001373291016
contig_58_CDS_0217,59.41999816894531
contig_58_CDS_0218,83.18000030517578
contig_58_CDS_0219,58.88999938964844
contig_58_CDS_0220,49.84000015258789
contig_58_CDS_0221,66.94000244140625
contig_58_CDS_0222,36.34000015258789
contig_58_CDS_0223,68.30000305175781
contig_58_CDS_0224,45.04999923706055
contig_58_CDS_0225,48.22999954223633
contig_58_CDS_0226,54.869998931884766
contig_58_CDS_0227,81.23999786376953
contig_58_CDS_0228,56.900001525878906
contig_58_CDS_0229,37.06999969482422
contig_58_CDS_0230,66.75
contig_58_CDS_0231,53.08000183105469
contig_644_CDS_0001,61.72999954223633
contig_644_CDS_0002,76.80999755859375
contig_644_CDS_0003,80.61000061035156
contig_644_CDS_0004,44.61000061035156
contig_644_CDS_0005,48.34000015258789
contig_644_CDS_0006,62.22999954223633
contig_644_CDS_0007,57.349998474121094
contig_644_CDS_0008,79.3499984741211
contig_644_CDS_0009,56.75
contig_644_CDS_0010,64.33000183105469
contig_644_CDS_0011,94.48999786376953
contig_644_CDS_0012,79.79000091552734
contig_644_CDS_0013,53.310001373291016
contig_644_CDS_0014,52.040000915527344
contig_644_CDS_0015,46.349998474121094
contig_644_CDS_0016,72.48999786376953
contig_644_CDS_0017,40.13999938964844
contig_644_CDS_0018,43.41999816894531
contig_644_CDS_0019,58.91999816894531
contig_644_CDS_0020,79.26000213623047
contig_644_CDS_0021,74.76000213623047
contig_644_CDS_0022,87.69000244140625
contig_644_CDS_0023,58.619998931884766
contig_644_CDS_0024,73.44999694824219
contig_644_CDS_0025,52.38999938964844
contig_644_CDS_0026,67.9800033569336
contig_644_CDS_0027,56.560001373291016
contig_644_CDS_0028,33.599998474121094
contig_644_CDS_0029,54.70000076293945
contig_644_CDS_0030,54.290000915527344
contig_644_CDS_0031,35.470001220703125
contig_644_CDS_0032,73.95999908447266
contig_644_CDS_0033,67.83999633789062
contig_644_CDS_0034,66.1500015258789
contig_644_CDS_0035,86.62000274658203
contig_644_CDS_0036,82.48999786376953
contig_644_CDS_0037,41.290000915527344
contig_644_CDS_0038,56.290000915527344
contig_644_CDS_0039,50.2599983215332
contig_644_CDS_0040,86.72000122070312
contig_644_CDS_0041,87.79000091552734
contig_644_CDS_0042,39.25
contig_644_CDS_0043,72.23999786376953
contig_644_CDS_0044,55.61000061035156
contig_644_CDS_0045,73.11000061035156
contig_644_CDS_0046,77.30000305175781
contig_644_CDS_0047,92.6500015258789
contig_644_CDS_0048,60.279998779296875
contig_644_CDS_0049,76.69000244140625
contig_644_CDS_0050,63.880001068115234
contig_644_CDS_0051,52.84000015258789
contig_644_CDS_0052,69.12000274658203
contig_644_CDS_0053,39.70000076293945
contig_644_CDS_0054,54.59000015258789
contig_644_CDS_0055,51.970001220703125
contig_644_CDS_0056,52.61000061035156
contig_644_CDS_0057,85.9000015258789
contig_644_CDS_0058,86.6500015258789
contig_644_CDS_0059,86.36000061035156
contig_644_CDS_0060,67.98999786376953
contig_644_CDS_0061,44.79999923706055
contig_644_CDS_0062,81.61000061035156
contig_644_CDS_0063,56.04999923706055
contig_644_CDS_0064,97.19999694824219
contig_644_CDS_0065,51.369998931884766
contig_644_CDS_0066,62.83000183105469
contig_644_CDS_0067,37.369998931884766
contig_644_CDS_0068,50.97999954223633
contig_644_CDS_0069,57.88999938964844
contig_644_CDS_0070,55.349998474121094
contig_644_CDS_0071,83.22000122070312
contig_644_CDS_0072,76.20999908447266
contig_644_CDS_0073,85.19999694824219
contig_644_CDS_0074,53.34000015258789
contig_644_CDS_0075,75.41000366210938
contig_644_CDS_0076,87.55999755859375
contig_644_CDS_0077,30.8799991607666
contig_644_CDS_0078,87.7300033569336
contig_644_CDS_0079,73.05000305175781
contig_644_CDS_0080,61.75
contig_644_CDS_0081,56.54999923706055
contig_644_CDS_0082,81.0199966430664
contig_644_CDS_0083,96.70999908447266
contig_644_CDS_0084,56.59000015258789
contig_644_CDS_0085,35.16999816894531
contig_644_CDS_0086,67.08999633789062
contig_644_CDS_0087,46.790000915527344
contig_644_CDS_0088,39.540000915527344
contig_644_CDS_0089,90.44000244140625
contig_644_CDS_0090,74.26000213623047
contig_644_CDS_0091,71.66999816894531
contig_644_CDS_0092,56.650001525878906
contig_644_CDS_0093,73.91999816894531
contig_644_CDS_0094,47.54999923706055
contig_644_CDS_0095,48.529998779296875
contig_644_CDS_0096,34.84000015258789
contig_644_CDS_0097,64.83000183105469
contig_644_CDS_0098,75.5
contig_644_CDS_0099,60.720001220703125
contig_644_CDS_0100,63.540000915527344
contig_644_CDS_0101,67.69999694824219
contig_644_CDS_0102,55.900001525878906
contig_644_CDS_0103,55.900001525878906
contig_644_CDS_0104,65.11000061035156
contig_644_CDS_0105,59.52000045776367
contig_644_CDS_0106,62.599998474121094
contig_644_CDS_0107,61.43000030517578
contig_644_CDS_0108,49.08000183105469
contig_644_CDS_0109,54.400001525878906
contig_644_CDS_0110,47.349998474121094
contig_644_CDS_0111,64.16999816894531
contig_644_CDS_0112,53.779998779296875
contig_644_CDS_0113,58.52000045776367
contig_644_CDS_0114,56.119998931884766
contig_644_CDS_0115,60.72999954223633
contig_644_CDS_0116,69.75
contig_644_CDS_0117,61.88999938964844
contig_644_CDS_0118,58.56999969482422
contig_644_CDS_0119,57.11000061035156
contig_644_CDS_0120,45.939998626708984
contig_644_CDS_0121,59.189998626708984
contig_644_CDS_0122,88.91000366210938
contig_644_CDS_0123,60.15999984741211
contig_644_CDS_0124,65.33999633789062
contig_644_CDS_0125,69.30999755859375
contig_644_CDS_0126,77.05999755859375
contig_644_CDS_0127,84.56999969482422
contig_644_CDS_0128,59.310001373291016
contig_644_CDS_0129,54.29999923706055
contig_644_CDS_0130,80.11000061035156
contig_644_CDS_0131,50.959999084472656
contig_644_CDS_0132,52.20000076293945
contig_644_CDS_0133,57.150001525878906
contig_644_CDS_0134,35.58000183105469
contig_644_CDS_0135,35.779998779296875
contig_644_CDS_0136,57.959999084472656
contig_644_CDS_0137,54.5099983215332
contig_644_CDS_0138,54.59000015258789
contig_644_CDS_0139,42.90999984741211
contig_644_CDS_0140,54.619998931884766
contig_644_CDS_0141,56.16999816894531
contig_644_CDS_0142,72.77999877929688
contig_644_CDS_0143,75.83999633789062
contig_644_CDS_0144,62.65999984741211
contig_644_CDS_0145,60.15999984741211
contig_644_CDS_0146,53.5099983215332
contig_644_CDS_0147,49.75
contig_644_CDS_0148,58.88999938964844
contig_644_CDS_0149,45.08000183105469
contig_644_CDS_0150,53.150001525878906
contig_644_CDS_0151,46.310001373291016
contig_644_CDS_0152,68.62000274658203
contig_644_CDS_0153,35.220001220703125
contig_644_CDS_0154,58.97999954223633
contig_644_CDS_0155,54.06999969482422
contig_644_CDS_0156,52.06999969482422
contig_644_CDS_0157,69.77999877929688
contig_644_CDS_0158,55.11000061035156
contig_644_CDS_0159,64.01000213623047
contig_644_CDS_0160,94.69999694824219
contig_644_CDS_0161,48.43000030517578
contig_644_CDS_0162,43.25
contig_644_CDS_0163,61.81999969482422
contig_644_CDS_0164,67.5999984741211
contig_644_CDS_0165,54.31999969482422
contig_644_CDS_0166,75.36000061035156
contig_644_CDS_0167,40.13999938964844
contig_644_CDS_0168,37.13999938964844
contig_644_CDS_0169,44.06999969482422
contig_644_CDS_0170,54.59000015258789
contig_644_CDS_0171,44.189998626708984
contig_644_CDS_0172,46.93000030517578
contig_644_CDS_0173,69.18000030517578
contig_644_CDS_0174,93.33000183105469
contig_644_CDS_0175,95.06999969482422
contig_644_CDS_0176,91.27999877929688
contig_644_CDS_0177,61.209999084472656
contig_644_CDS_0178,55.02000045776367
contig_644_CDS_0179,78.70999908447266
contig_644_CDS_0180,70.16999816894531
contig_644_CDS_0181,66.16000366210938
contig_644_CDS_0182,77.9800033569336
contig_644_CDS_0183,70.62999725341797
contig_644_CDS_0184,72.22000122070312
contig_644_CDS_0185,40.209999084472656
contig_644_CDS_0186,37.93000030517578
contig_644_CDS_0187,54.81999969482422
contig_644_CDS_0188,53.439998626708984
contig_644_CDS_0189,55.29999923706055
contig_644_CDS_0190,71.97000122070312
contig_644_CDS_0191,50.2400016784668
contig_644_CDS_0192,65.94999694824219
contig_644_CDS_0193,40.189998626708984
contig_644_CDS_0194,65.80999755859375
contig_644_CDS_0195,70.91999816894531
contig_644_CDS_0196,36.689998626708984
contig_644_CDS_0197,41.09000015258789
contig_644_CDS_0198,45.34000015258789
contig_644_CDS_0199,76.2699966430664
contig_644_CDS_0200,56.72999954223633
contig_644_CDS_0201,69.2699966430664
contig_644_CDS_0202,73.01000213623047
contig_644_CDS_0203,64.73999786376953
contig_644_CDS_0204,59.880001068115234
contig_644_CDS_0205,62.41999816894531
contig_644_CDS_0206,50.15999984741211
contig_644_CDS_0207,45.5099983215332
contig_644_CDS_0208,49.66999816894531
contig_644_CDS_0209,48.709999084472656
contig_644_CDS_0210,50.349998474121094
contig_644_CDS_0211,61.099998474121094
contig_644_CDS_0212,49.09000015258789
contig_644_CDS_0213,75.16999816894531
contig_644_CDS_0214,37.2599983215332
contig_644_CDS_0215,47.09000015258789
contig_644_CDS_0216,48.209999084472656
contig_644_CDS_0217,44.040000915527344
contig_644_CDS_0218,56.099998474121094
contig_644_CDS_0219,93.16000366210938
contig_644_CDS_0220,47.5
contig_644_CDS_0221,69.52999877929688
contig_644_CDS_0222,47.38999938964844
contig_644_CDS_0223,71.95999908447266
contig_644_CDS_0224,89.04000091552734
contig_815_CDS_0001,51.720001220703125
contig_815_CDS_0002,66.8499984741211
contig_815_CDS_0003,35.81999969482422
contig_815_CDS_0004,68.44999694824219
contig_815_CDS_0005,76.69000244140625
contig_815_CDS_0006,61.810001373291016
contig_815_CDS_0007,72.25
contig_815_CDS_0008,63.040000915527344
contig_815_CDS_0009,42.099998474121094
contig_815_CDS_0010,59.459999084472656
contig_815_CDS_0011,45.25
contig_815_CDS_0012,46.72999954223633
contig_815_CDS_0013,44.54999923706055
contig_815_CDS_0014,48.630001068115234
contig_815_CDS_0015,34.56999969482422
contig_815_CDS_0016,57.93000030517578
contig_815_CDS_0017,39.150001525878906
contig_815_CDS_0018,49.7599983215332
contig_815_CDS_0019,55.79999923706055
contig_815_CDS_0020,51.290000915527344
contig_815_CDS_0021,53.86000061035156
contig_815_CDS_0022,43.7599983215332
contig_815_CDS_0023,64.87000274658203
contig_815_CDS_0024,70.0999984741211
contig_815_CDS_0025,64.7300033569336
contig_815_CDS_0026,72.73999786376953
contig_815_CDS_0027,60.810001373291016
contig_815_CDS_0028,41.880001068115234
contig_815_CDS_0029,72.86000061035156
contig_815_CDS_0030,74.63999938964844
contig_815_CDS_0031,70.19999694824219
contig_815_CDS_0032,55.25
contig_815_CDS_0033,62.470001220703125
contig_815_CDS_0034,65.7300033569336
contig_815_CDS_0035,48.7599983215332
contig_815_CDS_0036,46.11000061035156
contig_815_CDS_0037,55.900001525878906
contig_815_CDS_0038,62.66999816894531
contig_815_CDS_0039,46.83000183105469
contig_815_CDS_0040,48.470001220703125
contig_815_CDS_0041,69.56999969482422
contig_815_CDS_0042,66.51000213623047
contig_815_CDS_0043,63.81999969482422
contig_815_CDS_0044,57.0099983215332
contig_815_CDS_0045,52.779998779296875
contig_815_CDS_0046,48.84000015258789
contig_815_CDS_0047,69.20999908447266
contig_815_CDS_0048,64.23999786376953
contig_815_CDS_0049,67.19000244140625
contig_815_CDS_0050,66.4000015258789
contig_815_CDS_0051,35.88999938964844
contig_815_CDS_0052,74.08999633789062
contig_815_CDS_0053,67.55000305175781
contig_815_CDS_0054,42.83000183105469
contig_815_CDS_0055,53.40999984741211
contig_815_CDS_0056,47.33000183105469
contig_815_CDS_0057,51.810001373291016
contig_815_CDS_0058,58.88999938964844
contig_815_CDS_0059,51.619998931884766
contig_815_CDS_0060,61.650001525878906
contig_815_CDS_0061,56.959999084472656
contig_815_CDS_0062,65.31999969482422
contig_815_CDS_0063,55.15999984741211
contig_815_CDS_0064,58.33000183105469
contig_815_CDS_0065,49.91999816894531
contig_815_CDS_0066,60.22999954223633
contig_815_CDS_0067,64.62999725341797
contig_815_CDS_0068,71.62000274658203
contig_815_CDS_0069,49.709999084472656
contig_815_CDS_0070,63.11000061035156
contig_815_CDS_0071,63.369998931884766
contig_815_CDS_0072,48.41999816894531
contig_815_CDS_0073,66.55000305175781
contig_815_CDS_0074,54.619998931884766
contig_815_CDS_0075,68.73999786376953
contig_815_CDS_0076,72.41999816894531
contig_815_CDS_0077,60.59000015258789
contig_815_CDS_0078,69.7300033569336
contig_815_CDS_0079,59.61000061035156
contig_815_CDS_0080,81.0
contig_815_CDS_0081,55.83000183105469
contig_815_CDS_0082,64.44999694824219
contig_815_CDS_0083,51.66999816894531
contig_815_CDS_0084,58.97999954223633
contig_815_CDS_0085,57.7400016784668
contig_815_CDS_0086,73.73999786376953
contig_815_CDS_0087,55.36000061035156
contig_815_CDS_0088,33.77000045776367
contig_815_CDS_0089,61.5099983215332
contig_815_CDS_0090,65.80999755859375
contig_815_CDS_0091,72.5999984741211
contig_815_CDS_0092,71.75
contig_815_CDS_0093,43.099998474121094
contig_815_CDS_0094,46.58000183105469
contig_815_CDS_0095,46.79999923706055
contig_815_CDS_0096,63.380001068115234
contig_815_CDS_0097,70.16000366210938
contig_815_CDS_0098,44.290000915527344
contig_815_CDS_0099,51.029998779296875
contig_815_CDS_0100,47.45000076293945
contig_815_CDS_0101,47.13999938964844
contig_815_CDS_0102,42.06999969482422
contig_815_CDS_0103,46.439998626708984
contig_815_CDS_0104,58.619998931884766
contig_815_CDS_0105,66.93000030517578
contig_815_CDS_0106,36.90999984741211
contig_815_CDS_0107,37.0099983215332
contig_815_CDS_0108,55.77000045776367
contig_815_CDS_0109,45.7599983215332
contig_815_CDS_0110,43.66999816894531
contig_815_CDS_0111,69.36000061035156
contig_815_CDS_0112,62.45000076293945
contig_815_CDS_0113,45.77000045776367
contig_815_CDS_0114,36.880001068115234
contig_815_CDS_0115,63.220001220703125
contig_815_CDS_0116,81.05000305175781
contig_815_CDS_0117,62.86000061035156
contig_815_CDS_0118,48.4900016784668
contig_815_CDS_0119,55.529998779296875
contig_815_CDS_0120,37.619998931884766
contig_815_CDS_0121,36.68000030517578
contig_815_CDS_0122,65.19999694824219
contig_815_CDS_0123,49.720001220703125
contig_815_CDS_0124,51.40999984741211
contig_815_CDS_0125,46.58000183105469
contig_815_CDS_0126,45.630001068115234
contig_815_CDS_0127,57.400001525878906
contig_815_CDS_0128,37.02000045776367
contig_815_CDS_0129,49.58000183105469
contig_815_CDS_0130,63.040000915527344
contig_815_CDS_0131,74.27999877929688
contig_815_CDS_0132,64.76000213623047
contig_815_CDS_0133,98.5199966430664
contig_815_CDS_0134,33.189998626708984
contig_815_CDS_0135,27.899999618530273
contig_815_CDS_0136,53.209999084472656
contig_815_CDS_0137,58.400001525878906
contig_815_CDS_0138,33.810001373291016
contig_815_CDS_0139,51.709999084472656
contig_815_CDS_0140,52.0
contig_815_CDS_0141,69.37000274658203
contig_815_CDS_0142,71.8499984741211
contig_815_CDS_0143,37.79999923706055
contig_815_CDS_0144,34.779998779296875
contig_815_CDS_0145,55.29999923706055
contig_815_CDS_0146,54.970001220703125
contig_815_CDS_0147,70.51000213623047
contig_815_CDS_0148,54.88999938964844
contig_815_CDS_0149,45.56999969482422
contig_815_CDS_0150,53.540000915527344
contig_815_CDS_0151,58.709999084472656
contig_815_CDS_0152,69.52999877929688
contig_815_CDS_0153,70.5
contig_815_CDS_0154,55.400001525878906
contig_815_CDS_0155,78.88999938964844
contig_815_CDS_0156,50.470001220703125
contig_815_CDS_0157,81.11000061035156
contig_815_CDS_0158,62.7400016784668
contig_815_CDS_0159,35.40999984741211
contig_815_CDS_0160,65.87000274658203
contig_815_CDS_0161,79.1500015258789
contig_815_CDS_0162,48.22999954223633
contig_815_CDS_0163,45.84000015258789
contig_820_CDS_0001,62.400001525878906
contig_820_CDS_0002,54.66999816894531
contig_820_CDS_0003,60.91999816894531
contig_820_CDS_0004,51.38999938964844
contig_820_CDS_0005,50.09000015258789
contig_820_CDS_0006,53.56999969482422
contig_820_CDS_0007,64.36000061035156
contig_820_CDS_0008,45.650001525878906
contig_820_CDS_0009,62.380001068115234
contig_820_CDS_0010,74.87999725341797
contig_820_CDS_0011,46.459999084472656
contig_820_CDS_0012,43.189998626708984
contig_820_CDS_0013,43.2400016784668
contig_820_CDS_0014,62.25
contig_820_CDS_0015,42.59000015258789
contig_820_CDS_0016,63.099998474121094
contig_820_CDS_0017,72.44000244140625
contig_820_CDS_0018,53.959999084472656
contig_820_CDS_0019,43.29999923706055
contig_820_CDS_0020,57.150001525878906
contig_820_CDS_0021,89.8499984741211
contig_820_CDS_0022,47.22999954223633
contig_820_CDS_0023,61.349998474121094
contig_820_CDS_0024,92.1500015258789
contig_820_CDS_0025,59.2400016784668
contig_820_CDS_0026,46.95000076293945
contig_820_CDS_0027,58.779998779296875
contig_820_CDS_0028,65.8499984741211
contig_820_CDS_0029,42.86000061035156
contig_820_CDS_0030,59.59000015258789
contig_820_CDS_0031,49.25
contig_820_CDS_0032,59.5099983215332
contig_820_CDS_0033,56.900001525878906
contig_820_CDS_0034,42.650001525878906
contig_820_CDS_0035,53.04999923706055
contig_820_CDS_0036,38.25
contig_820_CDS_0037,36.189998626708984
contig_820_CDS_0038,61.18000030517578
